date,symbol,close,volume
2012-05-18,FB,38.2318,573576400.0
2012-05-21,FB,34.03,168192700.0
2012-05-22,FB,31.0,101786600.0
2012-05-23,FB,32.0,73600000.0
2012-05-24,FB,33.03,50237200.0
2012-05-25,FB,31.91,37149800.0
2012-05-29,FB,28.84,78063400.0
2012-05-30,FB,28.19,57267900.0
2012-05-31,FB,29.6,111639200.0
2012-06-01,FB,27.72,41855500.0
2012-06-04,FB,26.9,35230300.0
2012-06-05,FB,25.869,42473400.0
2012-06-06,FB,26.81,61489200.0
2012-06-07,FB,26.31,26159500.0
2012-06-08,FB,27.1,38034000.0
2012-06-11,FB,27.005,28219600.0
2012-06-12,FB,27.4,15816800.0
2012-06-13,FB,27.27,17102800.0
2012-06-14,FB,28.29,16855000.0
2012-06-15,FB,30.014,43563800.0
2012-06-18,FB,31.41,42978900.0
2012-06-19,FB,31.911,30849000.0
2012-06-20,FB,31.6,15553600.0
2012-06-21,FB,31.84,21875300.0
2012-06-22,FB,33.05,74834000.0
2012-06-25,FB,32.06,24352900.0
2012-06-26,FB,33.1,24858700.0
2012-06-27,FB,32.23,28568000.0
2012-06-28,FB,31.36,17713300.0
2012-06-29,FB,31.095,19526900.0
2012-07-02,FB,30.771,14122000.0
2012-07-03,FB,31.2,8763600.0
2012-07-05,FB,31.47,10032100.0
2012-07-06,FB,31.73,10945600.0
2012-07-09,FB,32.17,17785200.0
2012-07-10,FB,31.47,14269500.0
2012-07-11,FB,30.97,13030300.0
2012-07-12,FB,30.81,11300700.0
2012-07-13,FB,30.72,8108300.0
2012-07-16,FB,28.245,24672100.0
2012-07-17,FB,28.09,30438600.0
2012-07-18,FB,29.11,16841800.0
2012-07-19,FB,29.0,13685100.0
2012-07-20,FB,28.76,11869100.0
2012-07-23,FB,28.75,12390700.0
2012-07-24,FB,28.45,11539800.0
2012-07-25,FB,29.34,17230200.0
2012-07-26,FB,26.845,64597400.0
2012-07-27,FB,23.705,123102300.0
2012-07-30,FB,23.15,29285900.0
2012-07-31,FB,21.71,56179400.0
2012-08-01,FB,20.88,44604400.0
2012-08-02,FB,20.04,56374500.0
2012-08-03,FB,21.09,80647000.0
2012-08-06,FB,21.92,27778900.0
2012-08-07,FB,20.72,36782900.0
2012-08-08,FB,20.72,29537400.0
2012-08-09,FB,21.01,15610700.0
2012-08-10,FB,21.807,25794700.0
2012-08-13,FB,21.6,24973100.0
2012-08-14,FB,20.38,39308800.0
2012-08-15,FB,21.2,47861100.0
2012-08-16,FB,19.87,157565300.0
2012-08-17,FB,19.05,129293400.0
2012-08-20,FB,20.011,101186600.0
2012-08-21,FB,19.159,70640600.0
2012-08-22,FB,19.439,49892200.0
2012-08-23,FB,19.44,32813700.0
2012-08-24,FB,19.409,29622200.0
2012-08-27,FB,19.15,20704000.0
2012-08-28,FB,19.34,25417000.0
2012-08-29,FB,19.1,16124700.0
2012-08-30,FB,19.0885,30647500.0
2012-08-31,FB,18.058,58764200.0
2012-09-04,FB,17.729,46622400.0
2012-09-05,FB,18.58,60781800.0
2012-09-06,FB,18.96,46066500.0
2012-09-07,FB,18.98,36371700.0
2012-09-10,FB,18.81,24797800.0
2012-09-11,FB,19.43,50508200.0
2012-09-12,FB,20.931,121584000.0
2012-09-13,FB,20.713,65041600.0
2012-09-14,FB,22.0,72819800.0
2012-09-17,FB,21.52,50667600.0
2012-09-18,FB,21.87,36760500.0
2012-09-19,FB,23.29,78782800.0
2012-09-20,FB,22.59,57248900.0
2012-09-21,FB,22.86,51218100.0
2012-09-24,FB,20.79,79106500.0
2012-09-25,FB,20.28,46291700.0
2012-09-26,FB,20.62,38271900.0
2012-09-27,FB,20.32,30215900.0
2012-09-28,FB,21.66,65486000.0
2012-10-01,FB,21.99,51262700.0
2012-10-02,FB,22.27,29341400.0
2012-10-03,FB,21.83,32000100.0
2012-10-04,FB,21.9475,46892100.0
2012-10-05,FB,20.91,40529300.0
2012-10-08,FB,20.4,32236700.0
2012-10-09,FB,20.227,27161800.0
2012-10-10,FB,19.64,39321800.0
2012-10-11,FB,19.75,21817300.0
2012-10-12,FB,19.5181,18809400.0
2012-10-15,FB,19.52,20189700.0
2012-10-16,FB,19.48,21834700.0
2012-10-17,FB,19.88,44074500.0
2012-10-18,FB,18.975,52157400.0
2012-10-19,FB,19.0,34835000.0
2012-10-22,FB,19.321,32447300.0
2012-10-23,FB,19.5,78381200.0
2012-10-24,FB,23.2299,228949900.0
2012-10-25,FB,22.56,76142000.0
2012-10-26,FB,21.9425,73175800.0
2012-10-31,FB,21.11,99378200.0
2012-11-01,FB,21.21,37713900.0
2012-11-02,FB,21.18,38344400.0
2012-11-05,FB,21.25,31806700.0
2012-11-06,FB,21.1712,29062700.0
2012-11-07,FB,20.47,33396800.0
2012-11-08,FB,19.99,34254600.0
2012-11-09,FB,19.21,42295500.0
2012-11-12,FB,20.07,67349200.0
2012-11-13,FB,19.86,71775100.0
2012-11-14,FB,22.36,229751000.0
2012-11-15,FB,22.17,78857700.0
2012-11-16,FB,23.5607,107182200.0
2012-11-19,FB,22.92,85021300.0
2012-11-20,FB,23.1,46655300.0
2012-11-21,FB,24.32,89862400.0
2012-11-23,FB,23.998,29520900.0
2012-11-26,FB,25.94,123865000.0
2012-11-27,FB,26.15,85760600.0
2012-11-28,FB,26.36,49205600.0
2012-11-29,FB,27.32,88759700.0
2012-11-30,FB,28.0,127049600.0
2012-12-03,FB,27.04,123526100.0
2012-12-04,FB,27.46,72869200.0
2012-12-05,FB,27.71,58976300.0
2012-12-06,FB,26.97,46001500.0
2012-12-07,FB,27.485,51751900.0
2012-12-10,FB,27.84,50608500.0
2012-12-11,FB,27.98,77099100.0
2012-12-12,FB,27.5801,46704200.0
2012-12-13,FB,28.24,81051600.0
2012-12-14,FB,26.812,91631600.0
2012-12-17,FB,26.75,57742500.0
2012-12-18,FB,27.71,60512900.0
2012-12-19,FB,27.41,61390300.0
2012-12-20,FB,27.36,35574800.0
2012-12-21,FB,26.26,54555200.0
2012-12-24,FB,26.93,28230100.0
2012-12-26,FB,26.51,33175400.0
2012-12-27,FB,26.05,43481700.0
2012-12-28,FB,25.9112,56574800.0
2012-12-31,FB,26.6197,60374500.0
2013-01-02,FB,28.0,69846400.0
2013-01-03,FB,27.77,63140600.0
2013-01-04,FB,28.76,72715400.0
2013-01-07,FB,29.4213,83781800.0
2013-01-08,FB,29.0607,45871300.0
2013-01-09,FB,30.59,104787700.0
2013-01-10,FB,31.3,95316400.0
2013-01-11,FB,31.72,89598000.0
2013-01-14,FB,30.9475,98892800.0
2013-01-15,FB,30.1,173242600.0
2013-01-16,FB,29.85,75332700.0
2013-01-17,FB,30.14,40256700.0
2013-01-18,FB,29.66,49631500.0
2013-01-22,FB,30.729,55243300.0
2013-01-23,FB,30.82,48899800.0
2013-01-24,FB,31.08,43845100.0
2013-01-25,FB,31.54,54363600.0
2013-01-28,FB,32.469,59682500.0
2013-01-29,FB,30.79,72976500.0
2013-01-30,FB,31.24,87682100.0
2013-01-31,FB,30.981,190744900.0
2013-02-01,FB,29.73,85856700.0
2013-02-04,FB,28.109,92362200.0
2013-02-05,FB,28.64,47948200.0
2013-02-06,FB,29.05,38375900.0
2013-02-07,FB,28.65,34540100.0
2013-02-08,FB,28.545,37708800.0
2013-02-11,FB,28.26,37361800.0
2013-02-12,FB,27.37,93498700.0
2013-02-13,FB,27.9075,50164000.0
2013-02-14,FB,28.5,35615800.0
2013-02-15,FB,28.32,33109300.0
2013-02-19,FB,28.93,49396400.0
2013-02-20,FB,28.462,42098200.0
2013-02-21,FB,27.283,49642300.0
2013-02-22,FB,27.13,36350200.0
2013-02-25,FB,27.27,34652000.0
2013-02-26,FB,27.39,31611700.0
2013-02-27,FB,26.87,44319700.0
2013-02-28,FB,27.25,83027800.0
2013-03-01,FB,27.78,54064800.0
2013-03-04,FB,27.72,32400700.0
2013-03-05,FB,27.52,40622200.0
2013-03-06,FB,27.4525,33532600.0
2013-03-07,FB,28.578,74540200.0
2013-03-08,FB,27.96,44198900.0
2013-03-11,FB,28.14,35642100.0
2013-03-12,FB,27.83,27569600.0
2013-03-13,FB,27.08,39619500.0
2013-03-14,FB,27.04,27646400.0
2013-03-15,FB,26.645,31597400.0
2013-03-18,FB,26.49,26653700.0
2013-03-19,FB,26.55,25254200.0
2013-03-20,FB,25.86,44006500.0
2013-03-21,FB,25.74,24336100.0
2013-03-22,FB,25.73,18456300.0
2013-03-25,FB,25.131,39199000.0
2013-03-26,FB,25.205,26957200.0
2013-03-27,FB,26.09,52297400.0
2013-03-28,FB,25.58,28585700.0
2013-04-01,FB,25.53,22249300.0
2013-04-02,FB,25.42,35153300.0
2013-04-03,FB,26.25,48195200.0
2013-04-04,FB,27.0725,82016800.0
2013-04-05,FB,27.39,64566600.0
2013-04-08,FB,26.849,27256000.0
2013-04-09,FB,26.59,21311100.0
2013-04-10,FB,27.57,45949400.0
2013-04-11,FB,28.0175,33368500.0
2013-04-12,FB,27.4,28697400.0
2013-04-15,FB,26.52,30275400.0
2013-04-16,FB,26.92,27365900.0
2013-04-17,FB,26.625,26440600.0
2013-04-18,FB,25.69,39059000.0
2013-04-19,FB,25.73,20380900.0
2013-04-22,FB,25.97,25687600.0
2013-04-23,FB,25.98,25191500.0
2013-04-24,FB,26.11,19729900.0
2013-04-25,FB,26.14,17150000.0
2013-04-26,FB,26.85,33018000.0
2013-04-29,FB,26.98,29201100.0
2013-04-30,FB,27.769,36245700.0
2013-05-01,FB,27.43,64567600.0
2013-05-02,FB,28.97,104257000.0
2013-05-03,FB,28.311,58506400.0
2013-05-06,FB,27.57,43939400.0
2013-05-07,FB,26.889,41259100.0
2013-05-08,FB,27.12,34654900.0
2013-05-09,FB,27.04,33457200.0
2013-05-10,FB,26.68,30847100.0
2013-05-13,FB,26.82,29068800.0
2013-05-14,FB,27.07,24930300.0
2013-05-15,FB,26.6,30299800.0
2013-05-16,FB,26.13,35499100.0
2013-05-17,FB,26.25,29462700.0
2013-05-20,FB,25.759,42402900.0
2013-05-21,FB,25.66,26261300.0
2013-05-22,FB,25.159,45314500.0
2013-05-23,FB,25.06,37663100.0
2013-05-24,FB,24.3125,58727900.0
2013-05-28,FB,24.1,50079700.0
2013-05-29,FB,23.32,64237800.0
2013-05-30,FB,24.55,60733200.0
2013-05-31,FB,24.348,35925000.0
2013-06-03,FB,23.848,35733800.0
2013-06-04,FB,23.52,34760800.0
2013-06-05,FB,22.899,53819700.0
2013-06-06,FB,22.97,31260700.0
2013-06-07,FB,23.291,38699200.0
2013-06-10,FB,24.33,58393000.0
2013-06-11,FB,24.03,29885900.0
2013-06-12,FB,23.77,26445800.0
2013-06-13,FB,23.73,31189300.0
2013-06-14,FB,23.63,30677100.0
2013-06-17,FB,24.022,33664500.0
2013-06-18,FB,24.21,36709100.0
2013-06-19,FB,24.309,31790600.0
2013-06-20,FB,23.9,42765600.0
2013-06-21,FB,24.53,45833900.0
2013-06-24,FB,23.935,40626000.0
2013-06-25,FB,24.25,24713200.0
2013-06-26,FB,24.16,29890300.0
2013-06-27,FB,24.66,34694100.0
2013-06-28,FB,24.88,96778900.0
2013-07-01,FB,24.81,20582200.0
2013-07-02,FB,24.41,18394100.0
2013-07-03,FB,24.52,10404400.0
2013-07-05,FB,24.37,20229500.0
2013-07-08,FB,24.71,27064600.0
2013-07-09,FB,25.48,30387900.0
2013-07-10,FB,25.8,26721800.0
2013-07-11,FB,25.81,26777400.0
2013-07-12,FB,25.91,16537900.0
2013-07-15,FB,26.28,24234000.0
2013-07-16,FB,26.32,30817600.0
2013-07-17,FB,26.65,21518500.0
2013-07-18,FB,26.18,24806900.0
2013-07-19,FB,25.881,46539700.0
2013-07-22,FB,26.045,27526300.0
2013-07-23,FB,26.13,28221600.0
2013-07-24,FB,26.51,82635600.0
2013-07-25,FB,34.359,365457900.0
2013-07-26,FB,34.01,136028900.0
2013-07-29,FB,35.43,124718800.0
2013-07-30,FB,37.627,173582800.0
2013-07-31,FB,36.8,154828700.0
2013-08-01,FB,37.489,106066500.0
2013-08-02,FB,38.05,73058500.0
2013-08-05,FB,39.189,79994800.0
2013-08-06,FB,38.55,63950800.0
2013-08-07,FB,38.87,68854800.0
2013-08-08,FB,38.54,41301000.0
2013-08-09,FB,38.5,43532300.0
2013-08-12,FB,38.22,31161000.0
2013-08-13,FB,37.019,65379200.0
2013-08-14,FB,36.65,48423900.0
2013-08-15,FB,36.56,56521100.0
2013-08-16,FB,37.08,45840800.0
2013-08-19,FB,37.81,57609600.0
2013-08-20,FB,38.41,57995200.0
2013-08-21,FB,38.32,46116900.0
2013-08-22,FB,38.55,21931200.0
2013-08-23,FB,40.55,86442300.0
2013-08-26,FB,41.34,94162400.0
2013-08-27,FB,39.64,72695100.0
2013-08-28,FB,40.548,57918200.0
2013-08-29,FB,41.28,58303400.0
2013-08-30,FB,41.294,67735100.0
2013-09-03,FB,41.87,48774900.0
2013-09-04,FB,41.78,42581900.0
2013-09-05,FB,42.66,50035400.0
2013-09-06,FB,43.95,117535700.0
2013-09-09,FB,44.04,75794700.0
2013-09-10,FB,43.6,54540300.0
2013-09-11,FB,45.04,72328300.0
2013-09-12,FB,44.75,68072300.0
2013-09-13,FB,44.31,52765300.0
2013-09-16,FB,42.51,70424200.0
2013-09-17,FB,45.07,91934600.0
2013-09-18,FB,45.23,79317000.0
2013-09-19,FB,45.98,63972400.0
2013-09-20,FB,47.49,115508400.0
2013-09-23,FB,47.19,75177000.0
2013-09-24,FB,48.45,136716100.0
2013-09-25,FB,49.46,87879700.0
2013-09-26,FB,50.39,98220100.0
2013-09-27,FB,51.24,81410500.0
2013-09-30,FB,50.23,100095000.0
2013-10-01,FB,50.42,98114000.0
2013-10-02,FB,50.28,62834000.0
2013-10-03,FB,49.183,82045000.0
2013-10-04,FB,51.04,74447000.0
2013-10-07,FB,50.515,57204000.0
2013-10-08,FB,47.14,136081000.0
2013-10-09,FB,46.77,147297000.0
2013-10-10,FB,49.05,99774000.0
2013-10-11,FB,49.11,58428000.0
2013-10-14,FB,49.51,68781000.0
2013-10-15,FB,49.5,81167000.0
2013-10-16,FB,51.135,64678000.0
2013-10-17,FB,52.21,71522000.0
2013-10-18,FB,54.22,88260000.0
2013-10-21,FB,53.85,58235000.0
2013-10-22,FB,52.675,83204000.0
2013-10-23,FB,51.9,57207000.0
2013-10-24,FB,52.445,46775000.0
2013-10-25,FB,51.95,45085000.0
2013-10-28,FB,50.229,73472000.0
2013-10-29,FB,49.395,102143000.0
2013-10-30,FB,49.01,127073000.0
2013-10-31,FB,50.205,248809000.0
2013-11-01,FB,49.75,95033000.0
2013-11-04,FB,48.22,80371000.0
2013-11-05,FB,50.105,76835000.0
2013-11-06,FB,49.12,67889000.0
2013-11-07,FB,47.56,97128000.0
2013-11-08,FB,47.53,70731000.0
2013-11-11,FB,46.2,80910000.0
2013-11-12,FB,46.605,68196000.0
2013-11-13,FB,48.71,79245000.0
2013-11-14,FB,48.99,75117000.0
2013-11-15,FB,49.01,42453000.0
2013-11-18,FB,45.83,85910000.0
2013-11-19,FB,46.36,75602000.0
2013-11-20,FB,46.43,53933000.0
2013-11-21,FB,46.7,34886000.0
2013-11-22,FB,46.23,40545000.0
2013-11-25,FB,44.82,82565000.0
2013-11-26,FB,45.89,82016000.0
2013-11-27,FB,46.49,44993000.0
2013-11-29,FB,47.01,22953900.0
2013-12-02,FB,47.06,50774000.0
2013-12-03,FB,46.73,32086000.0
2013-12-04,FB,48.62,60890000.0
2013-12-05,FB,48.34,43855000.0
2013-12-06,FB,47.94,42938000.0
2013-12-09,FB,48.84,36056000.0
2013-12-10,FB,50.245,68479000.0
2013-12-11,FB,49.38,65776000.0
2013-12-12,FB,51.83,92723000.0
2013-12-13,FB,53.32,82641000.0
2013-12-16,FB,53.81,85119000.0
2013-12-17,FB,54.86,78751000.0
2013-12-18,FB,55.57,76003000.0
2013-12-19,FB,55.05,89753200.0
2013-12-20,FB,55.12,239824000.0
2013-12-23,FB,57.77,98297000.0
2013-12-24,FB,57.96,46617800.0
2013-12-26,FB,57.73,55101000.0
2013-12-27,FB,55.44,60466000.0
2013-12-30,FB,53.71,68307000.0
2013-12-31,FB,54.649,43076200.0
2014-01-02,FB,54.71,43195500.0
2014-01-03,FB,54.557,38246200.0
2014-01-06,FB,57.2,68852600.0
2014-01-07,FB,57.92,77207400.0
2014-01-08,FB,58.23,56682400.0
2014-01-09,FB,57.22,92253300.0
2014-01-10,FB,57.94,42449500.0
2014-01-13,FB,55.91,63010900.0
2014-01-14,FB,57.74,37503600.0
2014-01-15,FB,57.6,33663400.0
2014-01-16,FB,57.19,34541800.0
2014-01-17,FB,56.3,40849200.0
2014-01-21,FB,58.51,48669200.0
2014-01-22,FB,57.51,61352900.0
2014-01-23,FB,56.63,47951800.0
2014-01-24,FB,54.45,55200700.0
2014-01-27,FB,53.55,73924100.0
2014-01-28,FB,55.14,48191200.0
2014-01-29,FB,53.53,92995600.0
2014-01-30,FB,61.08,150178900.0
2014-01-31,FB,62.57,87794600.0
2014-02-03,FB,61.48,74866600.0
2014-02-04,FB,62.75,45985500.0
2014-02-05,FB,62.19,51685100.0
2014-02-06,FB,62.16,42086500.0
2014-02-07,FB,64.32,60704300.0
2014-02-10,FB,63.548,43666100.0
2014-02-11,FB,64.851,45675600.0
2014-02-12,FB,64.45,47282100.0
2014-02-13,FB,67.33,61911700.0
2014-02-14,FB,67.09,36694900.0
2014-02-18,FB,67.3,43809900.0
2014-02-19,FB,68.06,62087100.0
2014-02-20,FB,69.63,130928900.0
2014-02-21,FB,68.59,70932400.0
2014-02-24,FB,70.78,76620300.0
2014-02-25,FB,69.85,52077000.0
2014-02-26,FB,69.26,55322700.0
2014-02-27,FB,68.94,41653700.0
2014-02-28,FB,68.46,66783700.0
2014-03-03,FB,67.41,56824100.0
2014-03-04,FB,68.8,42013500.0
2014-03-05,FB,71.57,74567700.0
2014-03-06,FB,70.84,46026500.0
2014-03-07,FB,69.8,38927000.0
2014-03-10,FB,72.03,59871600.0
2014-03-11,FB,70.1,59408300.0
2014-03-12,FB,70.8799,46340500.0
2014-03-13,FB,68.83,57091000.0
2014-03-14,FB,67.72,48227000.0
2014-03-17,FB,68.7399,52197000.0
2014-03-18,FB,69.19,40827000.0
2014-03-19,FB,68.24,43981000.0
2014-03-20,FB,66.97,44439000.0
2014-03-21,FB,67.24,59999900.0
2014-03-24,FB,64.1,85696000.0
2014-03-25,FB,64.89,68786000.0
2014-03-26,FB,60.385,97503900.0
2014-03-27,FB,60.97,112650000.0
2014-03-28,FB,60.01,67052000.0
2014-03-31,FB,60.24,53011000.0
2014-04-01,FB,62.62,59291000.0
2014-04-02,FB,62.72,66277000.0
2014-04-03,FB,59.49,83859000.0
2014-04-04,FB,56.749,125214400.0
2014-04-07,FB,56.95,108488000.0
2014-04-08,FB,58.1901,78836000.0
2014-04-09,FB,62.41,100215000.0
2014-04-10,FB,59.16,114988000.0
2014-04-11,FB,58.53,91452000.0
2014-04-14,FB,58.89,72325000.0
2014-04-15,FB,59.09,108623000.0
2014-04-16,FB,59.72,78774000.0
2014-04-17,FB,58.94,88040000.0
2014-04-21,FB,61.24,60364000.0
2014-04-22,FB,63.0301,60631000.0
2014-04-23,FB,61.36,96565000.0
2014-04-24,FB,60.87,138769000.0
2014-04-25,FB,57.71,92502000.0
2014-04-28,FB,56.14,107758000.0
2014-04-29,FB,58.15,75557000.0
2014-04-30,FB,59.78,76093000.0
2014-05-01,FB,61.15,82429000.0
2014-05-02,FB,60.46,54189000.0
2014-05-05,FB,61.22,46057000.0
2014-05-06,FB,58.53,55901000.0
2014-05-07,FB,57.39,78587000.0
2014-05-08,FB,56.76,61251000.0
2014-05-09,FB,57.24,52584000.0
2014-05-12,FB,59.83,48575000.0
2014-05-13,FB,59.83,48525000.0
2014-05-14,FB,59.23,47429000.0
2014-05-15,FB,57.919,56814000.0
2014-05-16,FB,58.0199,47933000.0
2014-05-19,FB,59.21,43034000.0
2014-05-20,FB,58.56,53931000.0
2014-05-21,FB,60.49,58992000.0
2014-05-22,FB,60.52,54200000.0
2014-05-23,FB,61.351,38294000.0
2014-05-27,FB,63.48,55682000.0
2014-05-28,FB,63.51,47795000.0
2014-05-29,FB,63.83,42700000.0
2014-05-30,FB,63.3,45253500.0
2014-06-02,FB,63.08,35947400.0
2014-06-03,FB,62.87,32217000.0
2014-06-04,FB,63.34,36514000.0
2014-06-05,FB,63.186,47352000.0
2014-06-06,FB,62.5,42386300.0
2014-06-09,FB,62.88,37573600.0
2014-06-10,FB,65.77,69206900.0
2014-06-11,FB,65.781,44158300.0
2014-06-12,FB,64.2901,55642800.0
2014-06-13,FB,64.5,29383800.0
2014-06-16,FB,64.19,30856800.0
2014-06-17,FB,64.4,27636500.0
2014-06-18,FB,65.6,35493200.0
2014-06-19,FB,64.3415,34133800.0
2014-06-20,FB,64.5,46407900.0
2014-06-23,FB,65.37,34434000.0
2014-06-24,FB,65.72,57284100.0
2014-06-25,FB,67.44,44245500.0
2014-06-26,FB,67.13,47646700.0
2014-06-27,FB,67.6,46444300.0
2014-06-30,FB,67.29,27102800.0
2014-07-01,FB,68.06,33166100.0
2014-07-02,FB,66.45,41805900.0
2014-07-03,FB,66.29,25203200.0
2014-07-07,FB,65.29,28707100.0
2014-07-08,FB,62.76,68855600.0
2014-07-09,FB,64.97,51378000.0
2014-07-10,FB,64.8725,44388200.0
2014-07-11,FB,66.34,39167800.0
2014-07-14,FB,67.9,38468000.0
2014-07-15,FB,67.165,44213200.0
2014-07-16,FB,67.66,29541600.0
2014-07-17,FB,66.4099,38024200.0
2014-07-18,FB,68.4199,42262200.0
2014-07-21,FB,69.4,49431600.0
2014-07-22,FB,69.27,40301800.0
2014-07-23,FB,71.29,77435900.0
2014-07-24,FB,74.98,124006900.0
2014-07-25,FB,75.19,45823100.0
2014-07-28,FB,74.92,41640000.0
2014-07-29,FB,73.71,41126900.0
2014-07-30,FB,74.677,36823000.0
2014-07-31,FB,72.65,43909200.0
2014-08-01,FB,72.36,43456400.0
2014-08-04,FB,73.51,30656900.0
2014-08-05,FB,72.69,34820400.0
2014-08-06,FB,72.47,30940200.0
2014-08-07,FB,73.17,38093400.0
2014-08-08,FB,73.06,27155700.0
2014-08-11,FB,73.44,24544100.0
2014-08-12,FB,72.83,27374400.0
2014-08-13,FB,73.77,29198500.0
2014-08-14,FB,74.296,22182800.0
2014-08-15,FB,73.63,38846600.0
2014-08-18,FB,74.59,23913200.0
2014-08-19,FB,75.29,26618600.0
2014-08-20,FB,74.81,22878000.0
2014-08-21,FB,74.57,20075900.0
2014-08-22,FB,74.57,20874600.0
2014-08-25,FB,75.02,19691100.0
2014-08-26,FB,75.9601,23886100.0
2014-08-27,FB,74.63,36238700.0
2014-08-28,FB,73.855,21922800.0
2014-08-29,FB,74.82,26224300.0
2014-09-02,FB,76.68,34785800.0
2014-09-03,FB,75.83,32330200.0
2014-09-04,FB,75.95,26625500.0
2014-09-05,FB,77.26,29407300.0
2014-09-08,FB,77.89,28149300.0
2014-09-09,FB,76.67,28769300.0
2014-09-10,FB,77.43,29864000.0
2014-09-11,FB,77.92,32219000.0
2014-09-12,FB,77.48,26676800.0
2014-09-15,FB,74.58,49576900.0
2014-09-16,FB,76.08,37672600.0
2014-09-17,FB,76.43,28647200.0
2014-09-18,FB,77.0,22983300.0
2014-09-19,FB,77.91,76638600.0
2014-09-22,FB,76.8,31917700.0
2014-09-23,FB,78.29,36721000.0
2014-09-24,FB,78.535,30596541.0
2014-09-25,FB,77.22,37354970.0
2014-09-26,FB,78.79,28872012.0
2014-09-29,FB,79.0,34030635.0
2014-09-30,FB,79.04,35899444.0
2014-10-01,FB,76.55,55090157.0
2014-10-02,FB,77.08,36487612.0
2014-10-03,FB,77.44,23340173.0
2014-10-06,FB,77.555,25729191.0
2014-10-07,FB,76.29,25317488.0
2014-10-08,FB,77.52,32975514.0
2014-10-09,FB,75.91,32487174.0
2014-10-10,FB,72.91,52146162.0
2014-10-13,FB,72.99,43937638.0
2014-10-14,FB,73.59,50299288.0
2014-10-15,FB,73.21,61528317.0
2014-10-16,FB,72.63,53529459.0
2014-10-17,FB,75.95,76341638.0
2014-10-20,FB,76.95,34701260.0
2014-10-21,FB,78.69,32252403.0
2014-10-22,FB,78.37,41862393.0
2014-10-23,FB,80.04,35055800.0
2014-10-24,FB,80.67,32247520.0
2014-10-27,FB,80.28,30168921.0
2014-10-28,FB,80.77,74211768.0
2014-10-29,FB,75.86,106119520.0
2014-10-30,FB,74.11,83269554.0
2014-10-31,FB,74.99,44544325.0
2014-11-03,FB,73.88,40727330.0
2014-11-04,FB,75.76,39326471.0
2014-11-05,FB,74.83,35912588.0
2014-11-06,FB,75.26,21383194.0
2014-11-07,FB,75.6,20774381.0
2014-11-10,FB,75.0,21575126.0
2014-11-11,FB,74.61,18735123.0
2014-11-12,FB,74.72,26536609.0
2014-11-13,FB,74.25,26448451.0
2014-11-14,FB,74.88,19476878.0
2014-11-17,FB,74.24,28701191.0
2014-11-18,FB,74.34,20696643.0
2014-11-19,FB,73.33,25441163.0
2014-11-20,FB,73.6,19154862.0
2014-11-21,FB,73.75,23060382.0
2014-11-24,FB,74.01,22103831.0
2014-11-25,FB,75.63,32250205.0
2014-11-26,FB,77.62,32721585.0
2014-11-28,FB,77.7,15992035.0
2014-12-01,FB,75.1,31789866.0
2014-12-02,FB,75.46,16773884.0
2014-12-03,FB,74.88,16689857.0
2014-12-04,FB,75.24,14390520.0
2014-12-05,FB,76.36,24306446.0
2014-12-08,FB,76.52,25733853.0
2014-12-09,FB,76.84,25358584.0
2014-12-10,FB,76.18,32210532.0
2014-12-11,FB,77.73,33492661.0
2014-12-12,FB,77.83,28091617.0
2014-12-15,FB,76.99,29396532.0
2014-12-16,FB,74.69,31554593.0
2014-12-17,FB,76.11,29203904.0
2014-12-18,FB,78.4,34222081.0
2014-12-19,FB,79.88,43334992.0
2014-12-22,FB,81.45,31395770.0
2014-12-23,FB,80.61,19865820.0
2014-12-24,FB,80.77,7685481.0
2014-12-26,FB,80.775,10647388.0
2014-12-29,FB,80.02,14134666.0
2014-12-30,FB,79.22,14370763.0
2014-12-31,FB,78.02,20040439.0
2015-01-02,FB,78.45,18177475.0
2015-01-05,FB,77.19,26452191.0
2015-01-06,FB,76.15,27399288.0
2015-01-07,FB,76.15,22045333.0
2015-01-08,FB,78.175,23960953.0
2015-01-09,FB,77.74,21004109.0
2015-01-12,FB,76.72,19190194.0
2015-01-13,FB,76.45,25179561.0
2015-01-14,FB,76.28,25918564.0
2015-01-15,FB,74.05,34133974.0
2015-01-16,FB,75.18,21791529.0
2015-01-20,FB,76.24,22821614.0
2015-01-21,FB,76.74,25096737.0
2015-01-22,FB,77.65,19519458.0
2015-01-23,FB,77.83,16746503.0
2015-01-26,FB,77.495,19260820.0
2015-01-27,FB,75.78,20109977.0
2015-01-28,FB,76.24,53306422.0
2015-01-29,FB,78.0,61293468.0
2015-01-30,FB,75.91,42649491.0
2015-02-02,FB,74.99,41955258.0
2015-02-03,FB,75.4,26957714.0
2015-02-04,FB,75.63,20277368.0
2015-02-05,FB,75.615,15062573.0
2015-02-06,FB,74.47,21210994.0
2015-02-09,FB,74.44,16194322.0
2015-02-10,FB,75.19,15811344.0
2015-02-11,FB,76.51,20877427.0
2015-02-12,FB,76.23,17234976.0
2015-02-13,FB,75.74,18621860.0
2015-02-17,FB,75.6,25254400.0
2015-02-18,FB,76.71,22426421.0
2015-02-19,FB,79.42,45851177.0
2015-02-20,FB,79.895,36931698.0
2015-02-23,FB,78.84,24139056.0
2015-02-24,FB,78.45,18897133.0
2015-02-25,FB,79.56,25593800.0
2015-02-26,FB,80.41,31111891.0
2015-02-27,FB,78.97,30739197.0
2015-03-02,FB,79.75,21662537.0
2015-03-03,FB,79.6,18634973.0
2015-03-04,FB,80.895,28126686.0
2015-03-05,FB,81.21,27825733.0
2015-03-06,FB,80.005,24488581.0
2015-03-09,FB,79.44,18925097.0
2015-03-10,FB,77.55,23067057.0
2015-03-11,FB,77.57,20215704.0
2015-03-12,FB,78.93,16093319.0
2015-03-13,FB,78.05,18557296.0
2015-03-16,FB,78.07,19305406.0
2015-03-17,FB,79.365,22169969.0
2015-03-18,FB,80.91,36912446.0
2015-03-19,FB,82.75,42099523.0
2015-03-20,FB,83.8,44466323.0
2015-03-23,FB,84.43,27357333.0
2015-03-24,FB,85.31,32576522.0
2015-03-25,FB,82.92,37436147.0
2015-03-26,FB,83.01,32794800.0
2015-03-27,FB,83.3,18372582.0
2015-03-30,FB,83.195,24527686.0
2015-03-31,FB,82.215,19734277.0
2015-04-01,FB,81.665,22058167.0
2015-04-02,FB,81.555,19664053.0
2015-04-06,FB,82.44,19062934.0
2015-04-07,FB,82.32,17467042.0
2015-04-08,FB,82.275,18966732.0
2015-04-09,FB,82.17,15927281.0
2015-04-10,FB,82.04,12529738.0
2015-04-13,FB,83.01,26883094.0
2015-04-14,FB,83.515,19634173.0
2015-04-15,FB,82.705,22390943.0
2015-04-16,FB,82.31,13769687.0
2015-04-17,FB,80.775,24214983.0
2015-04-20,FB,83.09,28796761.0
2015-04-21,FB,83.62,27171852.0
2015-04-22,FB,84.63,45547963.0
2015-04-23,FB,82.41,73728080.0
2015-04-24,FB,81.53,29660356.0
2015-04-27,FB,81.91,25446032.0
2015-04-28,FB,80.68,23775344.0
2015-04-29,FB,80.465,26430258.0
2015-04-30,FB,78.77,28999005.0
2015-05-01,FB,78.99,24136358.0
2015-05-04,FB,78.81,14691991.0
2015-05-05,FB,77.56,22311318.0
2015-05-06,FB,78.1,28663026.0
2015-05-07,FB,78.425,19749428.0
2015-05-08,FB,78.51,19943595.0
2015-05-11,FB,78.01,18874054.0
2015-05-12,FB,77.46,21285310.0
2015-05-13,FB,78.44,21512309.0
2015-05-14,FB,81.37,49437996.0
2015-05-15,FB,80.42,27069884.0
2015-05-18,FB,80.88,21613674.0
2015-05-19,FB,80.63,17955389.0
2015-05-20,FB,80.55,23056899.0
2015-05-21,FB,80.48,13402749.0
2015-05-22,FB,80.54,19567937.0
2015-05-26,FB,79.335,16321339.0
2015-05-27,FB,80.55,14160865.0
2015-05-28,FB,80.145,11982008.0
2015-05-29,FB,79.19,16134580.0
2015-06-01,FB,80.29,18119012.0
2015-06-02,FB,80.445,18923300.0
2015-06-03,FB,82.44,31774993.0
2015-06-04,FB,82.05,20863877.0
2015-06-05,FB,82.14,16143093.0
2015-06-08,FB,80.67,16915471.0
2015-06-09,FB,80.67,16497538.0
2015-06-10,FB,82.16,21531208.0
2015-06-11,FB,81.83,18656811.0
2015-06-12,FB,81.53,11417882.0
2015-06-15,FB,80.71,18805087.0
2015-06-16,FB,81.06,13693666.0
2015-06-17,FB,81.79,18350287.0
2015-06-18,FB,82.905,26782573.0
2015-06-19,FB,82.51,23353194.0
2015-06-22,FB,84.74,29383079.0
2015-06-23,FB,87.88,50667853.0
2015-06-24,FB,88.86,41370227.0
2015-06-25,FB,87.98,27301967.0
2015-06-26,FB,88.01,38214647.0
2015-06-29,FB,85.8,35957872.0
2015-06-30,FB,85.765,23233183.0
2015-07-01,FB,86.91,25260045.0
2015-07-02,FB,87.285,16908781.0
2015-07-06,FB,87.55,24635915.0
2015-07-07,FB,87.22,33059921.0
2015-07-08,FB,85.65,24399340.0
2015-07-09,FB,85.88,23307402.0
2015-07-10,FB,87.95,23245873.0
2015-07-13,FB,90.1,29976670.0
2015-07-14,FB,89.68,26627849.0
2015-07-15,FB,89.76,30886601.0
2015-07-16,FB,90.85,21804086.0
2015-07-17,FB,94.97,54001635.0
2015-07-20,FB,97.91,54860541.0
2015-07-21,FB,98.39,39453332.0
2015-07-22,FB,97.04,28299518.0
2015-07-23,FB,95.44,29418833.0
2015-07-24,FB,96.95,33444930.0
2015-07-27,FB,94.17,38585381.0
2015-07-28,FB,95.29,35235993.0
2015-07-29,FB,96.99,64648320.0
2015-07-30,FB,95.21,86211323.0
2015-07-31,FB,94.01,46509045.0
2015-08-03,FB,94.14,29343117.0
2015-08-04,FB,94.06,20136036.0
2015-08-05,FB,96.44,29629221.0
2015-08-06,FB,95.12,42271318.0
2015-08-07,FB,94.3,23199145.0
2015-08-10,FB,94.15,21624153.0
2015-08-11,FB,93.62,22491031.0
2015-08-12,FB,94.19,27120375.0
2015-08-13,FB,93.43,17451768.0
2015-08-14,FB,94.42,15929656.0
2015-08-17,FB,93.93,18313531.0
2015-08-18,FB,95.17,22278848.0
2015-08-19,FB,95.31,23251271.0
2015-08-20,FB,90.56,44598224.0
2015-08-21,FB,86.06,62778680.0
2015-08-24,FB,82.09,83710727.0
2015-08-25,FB,83.0,52021230.0
2015-08-26,FB,87.19,45124302.0
2015-08-27,FB,89.73,42431375.0
2015-08-28,FB,91.01,33215885.0
2015-08-31,FB,89.43,32850666.0
2015-09-01,FB,87.23,36097370.0
2015-09-02,FB,89.89,27190527.0
2015-09-03,FB,88.15,27048198.0
2015-09-04,FB,88.26,27328667.0
2015-09-08,FB,89.53,27012543.0
2015-09-09,FB,90.44,32551123.0
2015-09-10,FB,91.98,26437398.0
2015-09-11,FB,92.05,21185049.0
2015-09-14,FB,92.31,20127871.0
2015-09-15,FB,92.9,18859351.0
2015-09-16,FB,93.45,16321193.0
2015-09-17,FB,94.34,27841803.0
2015-09-18,FB,94.4,62299984.0
2015-09-21,FB,95.55,28789973.0
2015-09-22,FB,92.96,36888893.0
2015-09-23,FB,93.97,21701427.0
2015-09-24,FB,94.41,29105964.0
2015-09-25,FB,92.77,28961622.0
2015-09-28,FB,89.21,40914897.0
2015-09-29,FB,86.67,42281838.0
2015-09-30,FB,89.9,35159225.0
2015-10-01,FB,90.95,29283652.0
2015-10-02,FB,92.07,37881652.0
2015-10-05,FB,94.01,27292517.0
2015-10-06,FB,92.8,22488275.0
2015-10-07,FB,92.4,24129277.0
2015-10-08,FB,92.47,27290523.0
2015-10-09,FB,93.24,20012911.0
2015-10-12,FB,94.26,18449562.0
2015-10-13,FB,94.12,19480347.0
2015-10-14,FB,94.07,19253351.0
2015-10-15,FB,95.96,27557516.0
2015-10-16,FB,97.54,25412856.0
2015-10-19,FB,98.47,23729924.0
2015-10-20,FB,97.0,30881777.0
2015-10-21,FB,97.11,22003730.0
2015-10-22,FB,99.67,26392075.0
2015-10-23,FB,102.19,42809661.0
2015-10-26,FB,103.77,25961212.0
2015-10-27,FB,103.7,23795472.0
2015-10-28,FB,104.2,24081515.0
2015-10-29,FB,104.88,20316691.0
2015-10-30,FB,101.97,33487104.0
2015-11-02,FB,103.31,24003944.0
2015-11-03,FB,102.58,21242341.0
2015-11-04,FB,103.94,43469308.0
2015-11-05,FB,108.76,63232861.0
2015-11-06,FB,107.095,35084342.0
2015-11-09,FB,106.49,26383540.0
2015-11-10,FB,107.91,25031681.0
2015-11-11,FB,109.01,25057099.0
2015-11-12,FB,108.02,20924674.0
2015-11-13,FB,103.95,30278403.0
2015-11-16,FB,104.04,49309167.0
2015-11-17,FB,105.13,26774146.0
2015-11-18,FB,107.77,23836526.0
2015-11-19,FB,106.26,25520599.0
2015-11-20,FB,107.32,22129648.0
2015-11-23,FB,106.95,19897220.0
2015-11-24,FB,105.74,23577293.0
2015-11-25,FB,105.41,15150785.0
2015-11-27,FB,105.45,5913066.0
2015-11-30,FB,104.24,20383179.0
2015-12-01,FB,107.12,22781868.0
2015-12-02,FB,106.07,24429063.0
2015-12-03,FB,104.38,23236485.0
2015-12-04,FB,106.18,21224721.0
2015-12-07,FB,105.61,15474890.0
2015-12-08,FB,106.49,20401791.0
2015-12-09,FB,104.6,23517268.0
2015-12-10,FB,105.42,17454312.0
2015-12-11,FB,102.12,26427727.0
2015-12-14,FB,104.66,24813496.0
2015-12-15,FB,104.55,21764331.0
2015-12-16,FB,106.79,22680547.0
2015-12-17,FB,106.22,21675686.0
2015-12-18,FB,104.04,35994199.0
2015-12-21,FB,104.77,16138786.0
2015-12-22,FB,105.51,14597122.0
2015-12-23,FB,104.63,19599673.0
2015-12-24,FB,105.02,6512134.0
2015-12-28,FB,105.93,13069733.0
2015-12-29,FB,107.26,17179901.0
2015-12-30,FB,106.22,13115007.0
2015-12-31,FB,104.66,18391064.0
2016-01-04,FB,102.22,37912403.0
2016-01-05,FB,102.73,23258238.0
2016-01-06,FB,102.97,25096183.0
2016-01-07,FB,97.92,45172906.0
2016-01-08,FB,97.33,35402298.0
2016-01-11,FB,97.51,29932385.0
2016-01-12,FB,99.37,28395390.0
2016-01-13,FB,95.44,33410553.0
2016-01-14,FB,98.37,48658623.0
2016-01-15,FB,94.97,46132781.0
2016-01-19,FB,95.26,30998256.0
2016-01-20,FB,94.35,59051429.0
2016-01-21,FB,94.16,30518939.0
2016-01-22,FB,97.94,30495387.0
2016-01-25,FB,97.01,32482015.0
2016-01-26,FB,97.34,26877080.0
2016-01-27,FB,94.45,58699359.0
2016-01-28,FB,109.11,107475327.0
2016-01-29,FB,112.21,62739548.0
2016-02-01,FB,115.09,46132726.0
2016-02-02,FB,114.61,59778571.0
2016-02-03,FB,112.69,56919324.0
2016-02-04,FB,110.49,38890199.0
2016-02-05,FB,104.07,76894741.0
2016-02-08,FB,99.75,71229746.0
2016-02-09,FB,99.54,62709018.0
2016-02-10,FB,101.0,45179370.0
2016-02-11,FB,101.91,43670634.0
2016-02-12,FB,102.01,36176760.0
2016-02-16,FB,101.61,45687224.0
2016-02-17,FB,105.2,44073369.0
2016-02-18,FB,103.47,29593508.0
2016-02-19,FB,104.57,32404516.0
2016-02-22,FB,107.16,35709714.0
2016-02-23,FB,105.46,25319315.0
2016-02-24,FB,106.88,34412437.0
2016-02-25,FB,108.07,29906278.0
2016-02-26,FB,107.92,26686193.0
2016-02-29,FB,106.92,32778992.0
2016-03-01,FB,109.82,26817309.0
2016-03-02,FB,109.95,25670170.0
2016-03-03,FB,109.58,21353092.0
2016-03-04,FB,108.39,24938858.0
2016-03-07,FB,105.73,31534055.0
2016-03-08,FB,105.93,25204666.0
2016-03-09,FB,107.51,20493305.0
2016-03-10,FB,107.32,24854284.0
2016-03-11,FB,109.41,20697553.0
2016-03-14,FB,109.89,17249365.0
2016-03-15,FB,110.67,17618460.0
2016-03-16,FB,112.18,24744778.0
2016-03-17,FB,111.02,24241247.0
2016-03-18,FB,111.45,36256877.0
2016-03-21,FB,111.85,18447974.0
2016-03-22,FB,112.25,19001076.0
2016-03-23,FB,112.54,18561974.0
2016-03-24,FB,113.05,17839119.0
2016-03-28,FB,113.69,21351751.0
2016-03-29,FB,116.14,29825340.0
2016-03-30,FB,114.7,33235184.0
2016-03-31,FB,114.1,21207526.0
2016-04-01,FB,116.06,24760504.0
2016-04-04,FB,112.55,48487913.0
2016-04-05,FB,112.22,22962365.0
2016-04-06,FB,113.71,20814640.0
2016-04-07,FB,113.64,20714537.0
2016-04-08,FB,110.63,48497808.0
2016-04-11,FB,108.99,39762304.0
2016-04-12,FB,110.61,26248081.0
2016-04-13,FB,110.51,88227393.0
2016-04-14,FB,110.84,28473322.0
2016-04-15,FB,109.64,20922803.0
2016-04-18,FB,110.45,21167199.0
2016-04-19,FB,112.29,30210455.0
2016-04-20,FB,112.42,21027901.0
2016-04-21,FB,113.44,20875230.0
2016-04-22,FB,110.56,38458201.0
2016-04-25,FB,110.1,21017895.0
2016-04-26,FB,108.76,22521534.0
2016-04-27,FB,108.89,52213107.0
2016-04-28,FB,116.73,87110080.0
2016-04-29,FB,117.58,37140594.0
2016-05-02,FB,118.57,28095168.0
2016-05-03,FB,117.43,24117463.0
2016-05-04,FB,118.06,23448440.0
2016-05-05,FB,117.81,22056749.0
2016-05-06,FB,119.49,26395568.0
2016-05-09,FB,119.24,21138059.0
2016-05-10,FB,120.5,23220046.0
2016-05-11,FB,119.52,22038396.0
2016-05-12,FB,120.28,22035465.0
2016-05-13,FB,119.81,18124286.0
2016-05-16,FB,118.67,31247834.0
2016-05-17,FB,117.35,21328648.0
2016-05-18,FB,117.65,21642299.0
2016-05-19,FB,116.81,20544109.0
2016-05-20,FB,117.35,18944831.0
2016-05-23,FB,115.97,20441004.0
2016-05-24,FB,117.7,20183627.0
2016-05-25,FB,117.89,20035494.0
2016-05-26,FB,119.47,18481340.0
2016-05-27,FB,119.38,13493563.0
2016-05-31,FB,118.81,23547597.0
2016-06-01,FB,118.78,15029494.0
2016-06-02,FB,118.93,13228310.0
2016-06-03,FB,118.47,14135114.0
2016-06-06,FB,118.79,12744676.0
2016-06-07,FB,117.76,17103023.0
2016-06-08,FB,118.39,14505596.0
2016-06-09,FB,118.56,13859240.0
2016-06-10,FB,116.62,18510826.0
2016-06-13,FB,113.95,31718239.0
2016-06-14,FB,114.94,17618479.0
2016-06-15,FB,114.6,19819432.0
2016-06-16,FB,114.39,19236255.0
2016-06-17,FB,113.02,24644308.0
2016-06-20,FB,113.37,20785390.0
2016-06-21,FB,114.38,19166269.0
2016-06-22,FB,113.91,14846329.0
2016-06-23,FB,115.08,16176895.0
2016-06-24,FB,112.08,40643130.0
2016-06-27,FB,108.97,36409606.0
2016-06-28,FB,112.7,26813842.0
2016-06-29,FB,114.16,20968273.0
2016-06-30,FB,114.28,23192716.0
2016-07-01,FB,114.19,14980023.0
2016-07-05,FB,114.0,14207037.0
2016-07-06,FB,116.7,24337586.0
2016-07-07,FB,115.85,16630201.0
2016-07-08,FB,117.24,18142597.0
2016-07-11,FB,117.87,17711570.0
2016-07-12,FB,117.93,15217700.0
2016-07-13,FB,116.78,16207662.0
2016-07-14,FB,117.29,14579736.0
2016-07-15,FB,116.86,16645964.0
2016-07-18,FB,119.37,20868367.0
2016-07-19,FB,120.61,21541292.0
2016-07-20,FB,121.92,20046452.0
2016-07-21,FB,120.61,17801663.0
2016-07-22,FB,121.0,18422410.0
2016-07-25,FB,121.63,18487449.0
2016-07-26,FB,121.22,17611964.0
2016-07-27,FB,123.34,52654239.0
2016-07-28,FB,125.0,78955758.0
2016-07-29,FB,123.94,35058803.0
2016-08-01,FB,124.31,25006850.0
2016-08-02,FB,123.09,23968414.0
2016-08-03,FB,122.51,18525332.0
2016-08-04,FB,124.36,21065974.0
2016-08-05,FB,125.15,20184035.0
2016-08-08,FB,125.26,15233929.0
2016-08-09,FB,125.06,19620967.0
2016-08-10,FB,124.88,10670148.0
2016-08-11,FB,124.9,11729519.0
2016-08-12,FB,124.88,12158955.0
2016-08-15,FB,123.9,19295130.0
2016-08-16,FB,123.3,14222410.0
2016-08-17,FB,124.37,13794179.0
2016-08-18,FB,123.91,12400816.0
2016-08-19,FB,123.56,11688265.0
2016-08-22,FB,124.15,14386361.0
2016-08-23,FB,124.37,13309452.0
2016-08-24,FB,123.48,12243719.0
2016-08-25,FB,123.89,10730811.0
2016-08-26,FB,124.96,17504825.0
2016-08-29,FB,126.54,15925900.0
2016-08-30,FB,125.84,17804286.0
2016-08-31,FB,126.12,14200636.0
2016-09-01,FB,126.17,13536125.0
2016-09-02,FB,126.51,12118773.0
2016-09-06,FB,129.73,26278407.0
2016-09-07,FB,131.05,27990796.0
2016-09-08,FB,130.27,15676595.0
2016-09-09,FB,127.1,27100679.0
2016-09-12,FB,128.69,21252752.0
2016-09-13,FB,127.21,18016152.0
2016-09-14,FB,127.77,15720388.0
2016-09-15,FB,128.35,15111838.0
2016-09-16,FB,129.07,24119174.0
2016-09-19,FB,128.65,14958794.0
2016-09-20,FB,128.64,11083808.0
2016-09-21,FB,129.94,14068336.0
2016-09-22,FB,130.08,15538307.0
2016-09-23,FB,127.96,28326266.0
2016-09-26,FB,127.31,15064940.0
2016-09-27,FB,128.69,15637111.0
2016-09-28,FB,129.23,12047636.0
2016-09-29,FB,128.09,14532241.0
2016-09-30,FB,128.27,18402945.0
2016-10-03,FB,128.77,13156943.0
2016-10-04,FB,128.19,14307548.0
2016-10-05,FB,128.47,12386753.0
2016-10-06,FB,128.74,11682729.0
2016-10-07,FB,128.99,12804420.0
2016-10-10,FB,130.24,15138720.0
2016-10-11,FB,128.88,17537928.0
2016-10-12,FB,129.05,11072991.0
2016-10-13,FB,127.82,17139306.0
2016-10-14,FB,127.88,13345292.0
2016-10-17,FB,127.54,11351681.0
2016-10-18,FB,128.57,13503967.0
2016-10-19,FB,130.11,16752321.0
2016-10-20,FB,130.0,13167503.0
2016-10-21,FB,132.07,19088794.0
2016-10-24,FB,133.28,17470227.0
2016-10-25,FB,132.29,13336787.0
2016-10-26,FB,131.04,13084731.0
2016-10-27,FB,129.69,16741393.0
2016-10-28,FB,131.29,24545547.0
2016-10-31,FB,130.99,15668982.0
2016-11-01,FB,129.5,22077779.0
2016-11-02,FB,127.17,50190225.0
2016-11-03,FB,120.0,63766259.0
2016-11-04,FB,120.75,30545466.0
2016-11-07,FB,122.15,23008880.0
2016-11-08,FB,124.22,19460768.0
2016-11-09,FB,123.18,31916020.0
2016-11-10,FB,120.8,67846704.0
2016-11-11,FB,119.02,32840137.0
2016-11-14,FB,115.08,51377040.0
2016-11-15,FB,117.2,34681369.0
2016-11-16,FB,116.34,32397947.0
2016-11-17,FB,117.79,18597766.0
2016-11-18,FB,117.02,22879303.0
2016-11-21,FB,121.77,35415366.0
2016-11-22,FB,121.47,26089163.0
2016-11-23,FB,120.84,15672136.0
2016-11-25,FB,120.38,8658605.0
2016-11-28,FB,120.41,18101314.0
2016-11-29,FB,120.87,18890956.0
2016-11-30,FB,118.42,30188922.0
2016-12-01,FB,115.1,43276994.0
2016-12-02,FB,115.4,25070364.0
2016-12-05,FB,117.43,20201528.0
2016-12-06,FB,117.31,19131202.0
2016-12-07,FB,117.95,21913658.0
2016-12-08,FB,118.91,22442756.0
2016-12-09,FB,119.68,17464736.0
2016-12-12,FB,117.77,17805527.0
2016-12-13,FB,120.31,29768028.0
2016-12-14,FB,120.21,25913095.0
2016-12-15,FB,120.57,20139568.0
2016-12-16,FB,119.87,25324299.0
2016-12-19,FB,119.24,15918146.0
2016-12-20,FB,119.09,13684402.0
2016-12-21,FB,119.04,10767646.0
2016-12-22,FB,117.4,16258587.0
2016-12-23,FB,117.27,10889985.0
2016-12-27,FB,118.01,12051481.0
2016-12-28,FB,116.92,12087377.0
2016-12-29,FB,116.35,9934873.0
2016-12-30,FB,115.05,18684106.0
2017-01-03,FB,116.86,20663912.0
2017-01-04,FB,118.69,19630932.0
2017-01-05,FB,120.67,19492150.0
2017-01-06,FB,123.41,28545263.0
2017-01-09,FB,124.9,22880360.0
2017-01-10,FB,124.35,17324590.0
2017-01-11,FB,126.09,18356523.0
2017-01-12,FB,126.62,18653914.0
2017-01-13,FB,128.34,24884325.0
2017-01-17,FB,127.87,15294460.0
2017-01-18,FB,127.92,13145852.0
2017-01-19,FB,127.55,12195465.0
2017-01-20,FB,127.04,19097223.0
2017-01-23,FB,128.93,16593563.0
2017-01-24,FB,129.37,15162724.0
2017-01-25,FB,131.48,18777314.0
2017-01-26,FB,132.78,20020141.0
2017-01-27,FB,132.18,19539514.0
2017-01-30,FB,130.98,18956095.0
2017-01-31,FB,130.32,19790484.0
2017-02-01,FB,133.23,50139775.0
2017-02-02,FB,130.84,54366447.0
2017-02-03,FB,130.98,24804890.0
2017-02-06,FB,132.06,17058494.0
2017-02-07,FB,131.84,14596449.0
2017-02-08,FB,134.2,22390556.0
2017-02-09,FB,134.14,16470609.0
2017-02-10,FB,134.19,15061939.0
2017-02-13,FB,134.05,13526221.0
2017-02-14,FB,133.85,14364877.0
2017-02-15,FB,133.44,13226534.0
2017-02-16,FB,133.84,12831092.0
2017-02-17,FB,133.53,12276490.0
2017-02-21,FB,133.72,14759109.0
2017-02-22,FB,136.12,27360092.0
2017-02-23,FB,135.36,18422549.0
2017-02-24,FB,135.44,12625742.0
2017-02-27,FB,136.41,14306668.0
2017-02-28,FB,135.54,16112092.0
2017-03-01,FB,137.42,16257010.0
2017-03-02,FB,136.76,12294804.0
2017-03-03,FB,137.17,11160563.0
2017-03-06,FB,137.42,12748179.0
2017-03-07,FB,137.3,13527132.0
2017-03-08,FB,137.72,10184514.0
2017-03-09,FB,138.24,15535259.0
2017-03-10,FB,138.79,16314113.0
2017-03-13,FB,139.6,10955450.0
2017-03-14,FB,139.32,12944018.0
2017-03-15,FB,139.72,19344826.0
2017-03-16,FB,139.99,13612942.0
2017-03-17,FB,139.84,20592818.0
2017-03-20,FB,139.94,12099471.0
2017-03-21,FB,138.51,29894784.0
2017-03-22,FB,139.59,17055449.0
2017-03-23,FB,139.53,13022801.0
2017-03-24,FB,140.34,16664683.0
2017-03-27,FB,140.32,12800544.0
2017-03-28,FB,141.76,14679436.0
2017-03-29,FB,142.65,16527574.0
2017-03-30,FB,142.41,12403997.0
2017-03-31,FB,142.05,11478265.0
2017-04-03,FB,142.28,13563960.0
2017-04-04,FB,141.73,12948599.0
2017-04-05,FB,141.85,17158059.0
2017-04-06,FB,141.17,15103426.0
2017-04-07,FB,140.78,11811439.0
2017-04-10,FB,141.04,9039366.0
2017-04-11,FB,139.92,16638087.0
2017-04-12,FB,139.58,11612456.0
2017-04-13,FB,139.39,10965614.0
2017-04-17,FB,141.42,11519663.0
2017-04-18,FB,140.96,14807472.0
2017-04-19,FB,142.27,15563945.0
2017-04-20,FB,143.8,15968164.0
2017-04-21,FB,143.68,12382002.0
2017-04-24,FB,145.47,14397448.0
2017-04-25,FB,146.49,17684833.0
2017-04-26,FB,146.56,11324335.0
2017-04-27,FB,147.7,10561420.0
2017-04-28,FB,150.25,30280373.0
2017-05-01,FB,152.46,24669159.0
2017-05-02,FB,152.78,21255365.0
2017-05-03,FB,151.8,21755088.0
2017-05-04,FB,150.85,36060301.0
2017-05-05,FB,150.24,17051519.0
2017-05-08,FB,151.06,15662472.0
2017-05-09,FB,150.48,17325999.0
2017-05-10,FB,150.29,11653395.0
2017-05-11,FB,150.04,11623865.0
2017-05-12,FB,150.33,9497040.0
2017-05-15,FB,150.19,14909882.0
2017-05-16,FB,149.78,14420715.0
2017-05-17,FB,144.85,27908167.0
2017-05-18,FB,147.66,21784326.0
2017-05-19,FB,148.06,16101229.0
2017-05-22,FB,148.24,12379481.0
2017-05-23,FB,148.07,12665886.0
2017-05-24,FB,150.04,17769670.0
2017-05-25,FB,151.96,19780399.0
2017-05-26,FB,152.13,14907827.0
2017-05-30,FB,152.38,13145329.0
2017-05-31,FB,151.46,17709427.0
2017-06-01,FB,151.53,14459173.0
2017-06-02,FB,153.61,16787255.0
2017-06-05,FB,153.63,12279871.0
2017-06-06,FB,152.81,13291727.0
2017-06-07,FB,153.12,11822136.0
2017-06-08,FB,154.71,17539521.0
2017-06-09,FB,149.6,35256368.0
2017-06-12,FB,148.44,33238543.0
2017-06-13,FB,150.68,20316202.0
2017-06-14,FB,150.25,20552981.0
2017-06-15,FB,149.8,18877305.0
2017-06-16,FB,150.64,22169800.0
2017-06-19,FB,152.87,18678807.0
2017-06-20,FB,152.25,14557895.0
2017-06-21,FB,153.91,14760242.0
2017-06-22,FB,153.4,12783958.0
2017-06-23,FB,155.07,16192249.0
2017-06-26,FB,153.59,17934289.0
2017-06-27,FB,150.58,19274022.0
2017-06-28,FB,153.24,16621566.0
2017-06-29,FB,151.04,23771610.0
2017-06-30,FB,150.98,14540013.0
2017-07-03,FB,148.43,13860113.0
2017-07-05,FB,150.34,14037692.0
2017-07-06,FB,148.82,14788811.0
2017-07-07,FB,151.44,13229352.0
2017-07-10,FB,153.5,13296447.0
2017-07-11,FB,155.27,13208251.0
2017-07-12,FB,158.9,22483868.0
2017-07-13,FB,159.26,13839891.0
2017-07-14,FB,159.97,16172560.0
2017-07-17,FB,159.73,12567935.0
2017-07-18,FB,162.86,23621711.0
2017-07-19,FB,164.14,25915988.0
2017-07-20,FB,164.53,18293111.0
2017-07-21,FB,164.43,14494667.0
2017-07-24,FB,166.0,16595460.0
2017-07-25,FB,165.28,15164613.0
2017-07-26,FB,165.61,24081060.0
2017-07-27,FB,170.44,68065163.0
2017-07-28,FB,172.45,24036502.0
2017-07-31,FB,169.25,25157896.0
2017-08-01,FB,169.86,14051379.0
2017-08-02,FB,169.3,17061845.0
2017-08-03,FB,168.59,10316246.0
2017-08-04,FB,169.62,10360774.0
2017-08-07,FB,171.98,12504157.0
2017-08-08,FB,171.23,13813683.0
2017-08-09,FB,171.18,10597084.0
2017-08-10,FB,167.4,20353485.0
2017-08-11,FB,168.08,13664032.0
2017-08-14,FB,170.75,12786286.0
2017-08-15,FB,171.0,8621787.0
2017-08-16,FB,170.0,15580549.0
2017-08-17,FB,166.91,16791591.0
2017-08-18,FB,167.41,14933261.0
2017-08-21,FB,167.78,11880823.0
2017-08-22,FB,169.64,11333260.0
2017-08-23,FB,168.71,9756817.0
2017-08-24,FB,167.74,13552865.0
2017-08-25,FB,166.32,12391910.0
2017-08-28,FB,167.24,8360380.0
2017-08-29,FB,168.05,10992617.0
2017-08-30,FB,169.92,10850005.0
2017-08-31,FB,171.97,17226465.0
2017-09-01,FB,172.02,11677589.0
2017-09-05,FB,170.72,13175866.0
2017-09-06,FB,172.09,13659317.0
2017-09-07,FB,173.21,17922494.0
2017-09-08,FB,170.95,10936358.0
2017-09-11,FB,173.51,12208441.0
2017-09-12,FB,172.96,11051768.0
2017-09-13,FB,173.05,8908633.0
2017-09-14,FB,170.96,15496424.0
2017-09-15,FB,171.64,15468473.0
2017-09-18,FB,170.01,12785437.0
2017-09-19,FB,172.52,12911661.0
2017-09-20,FB,172.17,11899057.0
2017-09-21,FB,171.11,11054545.0
2017-09-22,FB,170.54,11835708.0
2017-09-25,FB,162.87,40538994.0
2017-09-26,FB,164.21,22866403.0
2017-09-27,FB,167.68,18963276.0
2017-09-28,FB,168.73,12084865.0
2017-09-29,FB,170.87,15114619.0
2017-10-02,FB,169.47,13104304.0
2017-10-03,FB,169.96,8054219.0
2017-10-04,FB,168.42,11829323.0
2017-10-05,FB,171.24,14013869.0
2017-10-06,FB,172.23,12670089.0
2017-10-09,FB,172.5,14472612.0
2017-10-10,FB,171.59,11231234.0
2017-10-11,FB,172.74,11023310.0
2017-10-12,FB,172.55,10312488.0
2017-10-13,FB,173.74,13305724.0
2017-10-16,FB,174.52,11225293.0
2017-10-17,FB,176.11,15381990.0
2017-10-18,FB,176.03,12655492.0
2017-10-19,FB,174.56,13602869.0
2017-10-20,FB,174.98,11861307.0
2017-10-23,FB,171.27,13622072.0
2017-10-24,FB,171.8,11629341.0
2017-10-25,FB,170.6,15095603.0
2017-10-26,FB,170.63,10932929.0
2017-10-27,FB,177.88,29867490.0
2017-10-30,FB,179.87,24179258.0
2017-10-31,FB,180.06,19766043.0
2017-11-01,FB,182.66,28922959.0
2017-11-02,FB,178.92,35119841.0
2017-11-03,FB,178.92,17572587.0
2017-11-06,FB,180.17,13065077.0
2017-11-07,FB,180.25,12679885.0
2017-11-08,FB,179.56,10494149.0
2017-11-09,FB,179.3,12460345.0
2017-11-10,FB,178.46,10933405.0
2017-11-13,FB,178.77,9431449.0
2017-11-14,FB,178.07,9465112.0
2017-11-15,FB,177.95,10131051.0
2017-11-16,FB,179.59,15230062.0
2017-11-17,FB,179.0,12722802.0
2017-11-20,FB,178.74,10052391.0
2017-11-21,FB,181.86,14409305.0
2017-11-22,FB,180.87,10238140.0
2017-11-24,FB,182.78,9426010.0
2017-11-27,FB,183.03,12249740.0
2017-11-28,FB,182.42,13761926.0
2017-11-29,FB,175.13,41843917.0
2017-11-30,FB,177.18,25127073.0
2017-12-01,FB,175.1,19966643.0
2017-12-04,FB,171.47,24184006.0
2017-12-05,FB,172.83,20028656.0
2017-12-06,FB,176.06,20059293.0
2017-12-07,FB,180.14,19588217.0
2017-12-08,FB,179.0,19377310.0
2017-12-11,FB,179.04,12630207.0
2017-12-12,FB,176.96,16675275.0
2017-12-13,FB,178.3,14406776.0
2017-12-14,FB,178.39,13393757.0
2017-12-15,FB,180.18,26225100.0
2017-12-18,FB,180.82,17014337.0
2017-12-19,FB,179.51,14769239.0
2017-12-20,FB,177.89,11754823.0
2017-12-21,FB,177.45,11050969.0
2017-12-22,FB,177.2,8462491.0
2017-12-26,FB,175.99,8726829.0
2017-12-27,FB,177.62,9296258.0
2017-12-28,FB,177.92,11008996.0
2017-12-29,FB,176.46,10028758.0
2018-01-02,FB,181.42,17694891.0
2018-01-03,FB,184.67,16595495.0
2018-01-04,FB,184.33,13554357.0
2018-01-05,FB,186.85,13042388.0
2018-01-08,FB,188.28,14719216.0
2018-01-09,FB,187.87,12342722.0
2018-01-10,FB,187.84,10464528.0
2018-01-11,FB,187.77,8855144.0
2018-01-12,FB,179.37,76645626.0
2018-01-16,FB,178.39,35027166.0
2018-01-17,FB,177.6,27356988.0
2018-01-18,FB,179.8,22783759.0
2018-01-19,FB,181.29,26266081.0
2018-01-22,FB,185.37,20567285.0
2018-01-23,FB,189.35,24956444.0
2018-01-24,FB,186.55,22992031.0
2018-01-25,FB,187.48,16698537.0
2018-01-26,FB,190.0,16652197.0
2018-01-29,FB,185.98,20022931.0
2018-01-30,FB,187.12,20382841.0
2018-01-31,FB,186.89,27299152.0
2018-02-01,FB,193.09,53608910.0
2018-02-02,FB,190.28,25514560.0
2018-02-05,FB,181.26,29852293.0
2018-02-06,FB,185.31,36829710.0
2018-02-07,FB,180.18,26891282.0
2018-02-08,FB,171.58,35672214.0
2018-02-09,FB,176.11,37214470.0
2018-02-12,FB,176.41,31697374.0
2018-02-13,FB,173.15,20880702.0
2018-02-14,FB,179.52,27963758.0
2018-02-15,FB,179.96,20554092.0
2018-02-16,FB,177.36,20475445.0
2018-02-20,FB,176.01,20887317.0
2018-02-21,FB,177.91,22844006.0
2018-02-22,FB,178.99,17085490.0
2018-02-23,FB,183.29,18621950.0
2018-02-26,FB,184.93,17418814.0
2018-02-27,FB,181.46,15649326.0
2018-02-28,FB,178.32,18208084.0
2018-03-01,FB,175.94,23201626.0
2018-03-02,FB,176.62,20025905.0
2018-03-05,FB,180.4,16189280.0
2018-03-06,FB,179.78,15086784.0
2018-03-07,FB,183.71,19097293.0
2018-03-08,FB,182.34,15336555.0
2018-03-09,FB,185.23,17952177.0
2018-03-12,FB,184.76,14873538.0
2018-03-13,FB,181.88,17742312.0
2018-03-14,FB,184.19,16426843.0
2018-03-15,FB,183.86,15461869.0
2018-03-16,FB,185.09,23090480.0
2018-03-19,FB,172.56,86897749.0
2018-03-20,FB,168.15,128925534.0
2018-03-21,FB,169.39,105350867.0
2018-03-22,FB,164.89,73389988.0
2018-03-23,FB,159.39,52306891.0
2018-03-26,FB,160.06,125438294.0
2018-03-27,FB,152.22,76787884.0
2018-03-28,FB,153.03,60029170.0
2018-03-29,FB,159.79,59434293.0
2018-04-02,FB,155.39,36795991.0
2018-04-03,FB,156.11,42543865.0
2018-04-04,FB,155.1,49885584.0
2018-04-05,FB,159.34,41449609.0
2018-04-06,FB,157.2,41644812.0
2018-04-09,FB,157.93,34915227.0
2018-04-10,FB,165.04,58947041.0
2018-04-11,FB,166.32,56144633.0
2018-04-12,FB,163.87,38262956.0
2018-04-13,FB,164.52,19990561.0
2018-04-16,FB,164.83,18119435.0
2018-04-17,FB,168.66,22743029.0
2018-04-18,FB,166.36,20969568.0
2018-04-19,FB,168.1,22234961.0
2018-04-20,FB,166.28,19119438.0
2018-04-23,FB,165.84,23088102.0
2018-04-24,FB,159.69,35079926.0
2018-04-25,FB,159.69,41083581.0
2018-04-26,FB,174.16,77556934.0
2018-04-27,FB,173.59,29804657.0
2018-04-30,FB,172.0,20750478.0
2018-05-01,FB,173.86,26025932.0
2018-05-02,FB,176.07,30424450.0
2018-05-03,FB,174.02,24026071.0
2018-05-04,FB,176.61,17677844.0
2018-05-07,FB,177.97,18697195.0
2018-05-08,FB,178.92,15577211.0
2018-05-09,FB,182.66,23282811.0
2018-05-10,FB,185.53,21071403.0
2018-05-11,FB,186.99,21207848.0
2018-05-14,FB,186.64,15646744.0
2018-05-15,FB,184.32,15429433.0
2018-05-16,FB,183.2,16975495.0
2018-05-17,FB,183.76,14840675.0
2018-05-18,FB,182.68,13130451.0
2018-05-21,FB,184.49,13532864.0
2018-05-22,FB,183.8,12731419.0
2018-05-23,FB,186.9,16628100.0
2018-05-24,FB,185.93,12354742.0
2018-05-25,FB,184.92,10965061.0
2018-05-29,FB,185.74,16398937.0
2018-05-30,FB,187.67,13736866.0
2018-05-31,FB,191.78,30782631.0
2018-06-01,FB,193.99,17307245.0
2018-06-04,FB,193.28,18939795.0
2018-06-05,FB,192.94,15544294.0
2018-06-06,FB,191.34,22558920.0
2018-06-07,FB,188.18,21503171.0
2018-06-08,FB,189.1,12677092.0
2018-06-11,FB,191.54,12928907.0
2018-06-12,FB,192.4,11562704.0
2018-06-13,FB,192.41,15853821.0
2018-06-14,FB,196.81,19120866.0
2018-06-15,FB,195.85,21860931.0
2018-06-18,FB,198.31,16826023.0
2018-06-19,FB,197.49,19993996.0
2018-06-20,FB,202.0,28230933.0
2018-06-21,FB,201.5,19045717.0
2018-06-22,FB,201.74,17420188.0
2018-06-25,FB,196.35,25275137.0
2018-06-26,FB,199.0,17897576.0
2018-06-27,FB,195.84,18734408.0
2018-06-28,FB,196.23,18172439.0
2018-06-29,FB,194.32,15811602.0
2018-07-02,FB,197.36,13961578.0
2018-07-03,FB,192.73,13489514.0
2018-07-05,FB,198.45,19684193.0
2018-07-06,FB,203.23,19740131.0
2018-07-09,FB,204.74,18149437.0
2018-07-10,FB,203.54,13190067.0
2018-07-11,FB,202.54,12927377.0
2018-07-12,FB,206.92,15454706.0
2018-07-13,FB,207.32,11503401.0
2018-07-16,FB,207.23,11078209.0
2018-07-17,FB,209.99,15349892.0
2018-07-18,FB,209.36,15334907.0
2018-07-19,FB,208.09,11350429.0
2018-07-20,FB,209.94,16241508.0
2018-07-23,FB,210.91,16731969.0
2018-07-24,FB,214.67,28468681.0
2018-07-25,FB,217.5,64592585.0
2018-07-26,FB,176.26,169803668.0
2018-07-27,FB,174.89,60073749.0
2018-07-30,FB,171.06,65280787.0
2018-07-31,FB,172.58,40356471.0
2018-08-01,FB,171.65,34042109.0
2018-08-02,FB,176.37,32399954.0
2018-08-03,FB,177.78,24763434.0
2018-08-06,FB,185.69,49716192.0
2018-08-07,FB,183.81,33398562.0
2018-08-08,FB,185.18,22205230.0
2018-08-09,FB,183.09,19732120.0
2018-08-10,FB,180.26,21500410.0
2018-08-13,FB,180.05,17423264.0
2018-08-14,FB,181.11,19101995.0
2018-08-15,FB,179.53,33020231.0
2018-08-16,FB,174.7,31351784.0
2018-08-17,FB,173.8,24893176.0
2018-08-20,FB,172.5,21518006.0
2018-08-21,FB,172.62,19578514.0
2018-08-22,FB,173.64,16894083.0
2018-08-23,FB,172.9,18053567.0
2018-08-24,FB,174.645,14631556.0
2018-08-27,FB,177.46,17921935.0
2018-08-28,FB,176.26,15910675.0
2018-08-29,FB,175.9,18678301.0
2018-08-30,FB,177.64,24216532.0
2018-08-31,FB,175.73,18065159.0
2018-09-04,FB,171.16,29808971.0
2018-09-05,FB,167.18,31226744.0
2018-09-06,FB,162.53,41514834.0
2018-09-07,FB,163.04,24300600.0
2018-09-10,FB,164.18,20197680.0
2018-09-11,FB,165.94,20457088.0
2018-09-12,FB,162.0,24078118.0
2018-09-13,FB,161.36,25453775.0
2018-09-14,FB,162.32,21770405.0
2018-09-17,FB,160.58,21005321.0
2018-09-18,FB,160.3,22465236.0
2018-09-19,FB,163.06,19628996.0
2018-09-20,FB,166.02,18936038.0
2018-09-21,FB,162.93,45994800.0
2018-09-24,FB,165.41,19222775.0
2018-09-25,FB,164.91,27622806.0
2018-09-26,FB,166.95,25252231.0
2018-09-27,FB,168.84,27266856.0
2018-09-28,FB,164.46,34265638.0
2018-10-01,FB,162.44,26407677.0
2018-10-02,FB,159.33,36030977.0
2018-10-03,FB,162.43,23109456.0
2018-10-04,FB,158.85,25739635.0
2018-10-05,FB,157.33,25744047.0
2018-10-08,FB,157.25,24045968.0
2018-10-09,FB,157.9,18844425.0
2018-10-10,FB,151.38,30609970.0
2018-10-11,FB,153.35,35338901.0
2018-10-12,FB,153.74,25293492.0
2018-10-15,FB,153.52,15433521.0
2018-10-16,FB,158.78,19180095.0
2018-10-17,FB,159.42,17592003.0
2018-10-18,FB,154.92,21675084.0
2018-10-19,FB,154.05,19761347.0
2018-10-22,FB,154.78,15424658.0
2018-10-23,FB,154.39,19095032.0
2018-10-24,FB,146.04,27744597.0
2018-10-25,FB,150.95,22105696.0
2018-10-26,FB,145.37,31303341.0
2018-10-29,FB,142.09,31336784.0
2018-10-30,FB,146.22,50528278.0
2018-10-31,FB,151.79,60101251.0
2018-11-01,FB,151.75,25640786.0
2018-11-02,FB,150.35,24708695.0
2018-11-05,FB,148.68,15969849.0
2018-11-06,FB,149.94,16667124.0
2018-11-07,FB,151.53,21877372.0
2018-11-08,FB,147.87,24145814.0
2018-11-09,FB,144.96,17326898.0
2018-11-12,FB,141.55,18542123.0
2018-11-13,FB,142.16,15141710.0
2018-11-14,FB,144.22,22068384.0
2018-11-15,FB,143.85,30320280.0
2018-11-16,FB,139.53,37250560.0
2018-11-19,FB,131.55,44362729.0
2018-11-20,FB,132.43,41939475.0
2018-11-21,FB,134.82,25469735.0
2018-11-23,FB,131.73,11886128.0
2018-11-26,FB,136.38,24263640.0
2018-11-27,FB,135.0,20750318.0
2018-11-28,FB,136.76,29847505.0
2018-11-29,FB,138.68,24238713.0
2018-11-30,FB,140.61,25732577.0
2018-12-03,FB,141.09,24819226.0
2018-12-04,FB,137.93,30307400.0
2018-12-06,FB,139.63,28218145.0
2018-12-07,FB,137.42,21195460.0
2018-12-10,FB,141.85,26422173.0
2018-12-11,FB,142.08,20300349.0
2018-12-12,FB,144.5,23696936.0
2018-12-13,FB,145.01,18148610.0
2018-12-14,FB,144.06,21785820.0
2018-12-17,FB,140.19,24333959.0
2018-12-18,FB,143.66,24709084.0
2018-12-19,FB,133.24,57404894.0
2018-12-20,FB,133.4,40297944.0
2018-12-21,FB,124.95,56901491.0
2018-12-24,FB,124.06,22066002.0
2018-12-26,FB,134.18,39723370.0
2018-12-27,FB,134.52,31202509.0
2018-12-28,FB,133.2,22627569.0
2018-12-31,FB,131.09,24625308.0
2019-01-02,FB,135.68,28146193.0
2019-01-03,FB,131.74,22717948.0
2019-01-04,FB,137.95,29002059.0
2019-01-07,FB,138.05,20089337.0
2019-01-08,FB,142.53,26263793.0
2019-01-09,FB,144.23,22205879.0
2019-01-10,FB,144.2,16125004.0
2019-01-11,FB,143.8,12908031.0
2019-01-14,FB,145.39,20520278.0
2019-01-15,FB,148.95,24068822.0
2019-01-16,FB,147.54,18025714.0
2019-01-17,FB,148.3,15787914.0
2019-01-18,FB,150.04,31029612.0
2019-01-22,FB,147.57,22378694.0
2019-01-23,FB,144.3,20098415.0
2019-01-24,FB,145.83,20955518.0
2019-01-25,FB,149.01,22250954.0
2019-01-28,FB,147.47,15508483.0
2019-01-29,FB,144.19,17631953.0
2019-01-30,FB,150.42,44613240.0
2019-01-31,FB,166.69,77233602.0
2019-02-01,FB,165.71,30806513.0
2019-02-04,FB,169.25,20036470.0
2019-02-05,FB,171.16,22556985.0
2019-02-06,FB,170.49,13281161.0
2019-02-07,FB,166.38,17517609.0
2019-02-08,FB,167.33,12561422.0
2019-02-11,FB,165.79,12811176.0
2019-02-12,FB,165.04,16292290.0
2019-02-13,FB,164.07,14205146.0
2019-02-14,FB,163.95,12755151.0
2019-02-15,FB,162.5,15504415.0
2019-02-19,FB,162.29,14345390.0
2019-02-20,FB,162.56,11770692.0
2019-02-21,FB,160.04,15607828.0
2019-02-22,FB,161.89,15858468.0
2019-02-25,FB,164.62,18737106.0
2019-02-26,FB,164.13,13784063.0
2019-02-27,FB,162.81,12697485.0
2019-02-28,FB,161.45,11114185.0
2019-03-01,FB,162.28,11097770.0
2019-03-04,FB,167.37,18894689.0
2019-03-05,FB,171.26,28187890.0
2019-03-06,FB,172.51,21531723.0
2019-03-07,FB,169.13,18306504.0
2019-03-08,FB,169.6,13184831.0
2019-03-11,FB,172.07,18883983.0
2019-03-12,FB,171.92,12155264.0
2019-03-13,FB,173.37,11973280.0
2019-03-14,FB,170.17,18037364.0
2019-03-15,FB,165.98,37126000.0
2019-03-18,FB,160.47,37524191.0
2019-03-19,FB,161.57,25611488.0
2019-03-20,FB,165.44,20211474.0
2019-03-21,FB,166.08,16223007.0
2019-03-22,FB,164.34,16389185.0
2019-03-25,FB,166.29,12631230.0
2019-03-26,FB,167.68,15437920.0
2019-03-27,FB,165.87,10620299.0
2019-03-28,FB,165.55,10689171.0
2019-03-29,FB,166.69,13455454.0
2019-04-01,FB,168.7,10381490.0
2019-04-02,FB,174.2,23946529.0
2019-04-03,FB,173.54,27590058.0
2019-04-04,FB,176.02,17847731.0
2019-04-05,FB,175.72,9594133.0
2019-04-08,FB,174.93,7297379.0
2019-04-09,FB,177.58,19751031.0
2019-04-10,FB,177.82,11701479.0
2019-04-11,FB,177.51,8070967.0
2019-04-12,FB,179.1,12329812.0
2019-04-15,FB,179.65,10834762.0
2019-04-16,FB,178.87,11215193.0
2019-04-17,FB,178.78,9973732.0
2019-04-18,FB,178.28,11655608.0
2019-04-22,FB,181.44,13389889.0
2019-04-23,FB,183.78,19954814.0
2019-04-24,FB,182.58,37289871.0
2019-04-25,FB,193.26,54148789.0
2019-04-26,FB,191.49,22075002.0
2019-04-29,FB,194.78,19641310.0
2019-04-30,FB,193.4,23494689.0
2019-05-01,FB,193.03,15996646.0
2019-05-02,FB,192.53,13209452.0
2019-05-03,FB,195.47,14575434.0
2019-05-06,FB,193.88,13994932.0
2019-05-07,FB,189.77,16253001.0
2019-05-08,FB,189.54,12505737.0
2019-05-09,FB,188.65,12967033.0
2019-05-10,FB,188.34,12578508.0
2019-05-13,FB,181.54,16833347.0
2019-05-14,FB,180.73,17628142.0
2019-05-15,FB,186.27,16746904.0
2019-05-16,FB,186.99,12953111.0
2019-05-17,FB,185.3,10485370.0
2019-05-20,FB,182.72,10351981.0
2019-05-21,FB,184.82,7502820.0
2019-05-22,FB,185.32,9213801.0
2019-05-23,FB,180.87,12768835.0
2019-05-24,FB,181.06,8807701.0
2019-05-28,FB,184.31,14843308.0
2019-05-29,FB,182.19,12797685.0
2019-05-30,FB,183.01,8581544.0
2019-05-31,FB,177.47,15226536.0
2019-06-03,FB,164.15,56059609.0
2019-06-04,FB,167.5,46044256.0
2019-06-05,FB,168.17,19758317.0
2019-06-06,FB,168.33,12446354.0
2019-06-07,FB,173.35,16917343.0
2019-06-10,FB,174.82,14767918.0
2019-06-11,FB,178.1,15266644.0
2019-06-12,FB,175.04,17699806.0
2019-06-13,FB,177.47,12253569.0
2019-06-14,FB,181.33,16773691.0
2019-06-17,FB,189.01,29459881.0
2019-06-18,FB,188.47,37571352.0
2019-06-19,FB,187.48,21417092.0
2019-06-20,FB,189.53,14635740.0
2019-06-21,FB,191.14,22751159.0
2019-06-24,FB,192.6,15508955.0
2019-06-25,FB,188.84,16750309.0
2019-06-26,FB,187.66,12808604.0
2019-06-27,FB,189.5,11158983.0
2019-06-28,FB,193.0,16378878.0
2019-07-01,FB,193.0,14204690.0
2019-07-02,FB,195.0,9049979.0
2019-07-03,FB,197.2,10246119.0
2019-07-05,FB,196.4,11164107.0
2019-07-08,FB,195.76,9723858.0
2019-07-09,FB,199.21,14698611.0
2019-07-10,FB,202.73,20571702.0
2019-07-11,FB,201.23,13678457.0
2019-07-12,FB,204.87,15366272.0
2019-07-15,FB,203.91,16030335.0
2019-07-16,FB,203.84,12132720.0
2019-07-17,FB,201.8,12083714.0
2019-07-18,FB,200.78,11956554.0
2019-07-19,FB,198.36,12098262.0
2019-07-22,FB,202.32,13589024.0
2019-07-23,FB,202.36,14583680.0
2019-07-24,FB,204.66,32532540.0
2019-07-25,FB,200.71,39889869.0
2019-07-26,FB,199.75,24433985.0
2019-07-29,FB,195.94,16530801.0
2019-07-30,FB,197.04,11903558.0
2019-07-31,FB,194.23,14593544.0
2019-08-01,FB,192.73,17777013.0
2019-08-02,FB,189.02,15296975.0
2019-08-05,FB,181.73,23086655.0
2019-08-06,FB,184.51,18035686.0
2019-08-07,FB,185.15,15833197.0
2019-08-08,FB,190.16,14828916.0
2019-08-09,FB,187.85,11058811.0
2019-08-12,FB,185.37,10936283.0
2019-08-13,FB,188.45,13653319.0
2019-08-14,FB,179.71,18903716.0
2019-08-15,FB,182.59,13059640.0
2019-08-16,FB,183.7,12844832.0
2019-08-19,FB,186.17,9699661.0
2019-08-20,FB,183.81,10087592.0
2019-08-21,FB,183.55,8409548.0
2019-08-22,FB,182.04,10829509.0
2019-08-23,FB,177.75,17331221.0
2019-08-26,FB,180.36,8780477.0
2019-08-27,FB,181.3,14408946.0
2019-08-28,FB,181.76,9364533.0
2019-08-29,FB,185.57,10135033.0
2019-08-30,FB,185.67,10785722.0
2019-09-03,FB,182.39,9792187.0
2019-09-04,FB,187.14,11314571.0
2019-09-05,FB,190.9,13896621.0
2019-09-06,FB,187.49,15226820.0
2019-09-09,FB,188.76,14722402.0
2019-09-10,FB,186.17,15455867.0
2019-09-11,FB,188.49,11761660.0
2019-09-12,FB,187.47,11419775.0
2019-09-13,FB,187.19,11441116.0
2019-09-16,FB,186.22,8444844.0
2019-09-17,FB,188.08,9751570.0
2019-09-18,FB,188.14,9945798.0
2019-09-19,FB,190.14,10474685.0
2019-09-20,FB,189.93,20359878.0
2019-09-23,FB,186.82,14370089.0
2019-09-24,FB,181.28,18775666.0
2019-09-25,FB,182.8,18339960.0
2019-09-26,FB,180.11,16280691.0
2019-09-27,FB,177.1,14663575.0
2019-09-30,FB,178.08,11071425.0
2019-10-01,FB,175.81,17261556.0
2019-10-02,FB,174.6,16374148.0
2019-10-03,FB,179.38,16789319.0
2019-10-04,FB,180.45,10476395.0
2019-10-07,FB,179.68,9359793.0
2019-10-08,FB,177.75,10084896.0
2019-10-09,FB,179.85,7648874.0
2019-10-10,FB,180.03,8980978.0
2019-10-11,FB,184.19,14998754.0
2019-10-14,FB,183.28,7203665.0
2019-10-15,FB,188.89,15143119.0
2019-10-16,FB,189.55,10560343.0
2019-10-17,FB,190.39,9761548.0
2019-10-18,FB,185.85,16584992.0
2019-10-21,FB,189.76,8122598.0
2019-10-22,FB,182.34,19854192.0
2019-10-23,FB,186.15,12370819.0
2019-10-24,FB,186.38,11505406.0
2019-10-25,FB,187.89,8061240.0
2019-10-28,FB,189.4,13377192.0
2019-10-29,FB,189.31,13574874.0
2019-10-30,FB,188.25,28734559.0
2019-10-31,FB,191.65,42286529.0
2019-11-01,FB,193.62,21711829.0
2019-11-04,FB,194.72,16371292.0
2019-11-05,FB,194.32,9941954.0
2019-11-06,FB,191.55,10973019.0
2019-11-07,FB,190.42,13472998.0
2019-11-08,FB,190.84,10764784.0
2019-11-11,FB,189.61,8637768.0
2019-11-12,FB,194.47,17615454.0
2019-11-13,FB,193.19,11009800.0
2019-11-14,FB,193.15,9059897.0
2019-11-15,FB,195.1,11530232.0
2019-11-18,FB,197.4,16176107.0
2019-11-19,FB,199.32,19070291.0
2019-11-20,FB,197.51,12370240.0
2019-11-21,FB,197.93,12130985.0
2019-11-22,FB,198.82,9959817.0
2019-11-25,FB,199.79,15286442.0
2019-11-26,FB,198.97,11748664.0
2019-11-27,FB,202.0,12760568.0
2019-11-29,FB,201.64,7985231.0
2019-12-02,FB,199.7,11542020.0
2019-12-03,FB,198.82,13014170.0
2019-12-04,FB,198.71,8459939.0
2019-12-05,FB,199.36,9755350.0
2019-12-06,FB,201.05,12279525.0
2019-12-09,FB,201.34,12013218.0
2019-12-10,FB,200.87,9485568.0
2019-12-11,FB,202.26,8041827.0
2019-12-12,FB,196.75,23766986.0
2019-12-13,FB,194.11,18806020.0
2019-12-16,FB,197.92,14922733.0
2019-12-17,FB,198.39,10177605.0
2019-12-18,FB,202.5,23284746.0
2019-12-19,FB,206.06,16808184.0
2019-12-20,FB,206.3,27315226.0
2019-12-23,FB,206.18,13353194.0
2019-12-24,FB,205.12,6046273.0
2019-12-26,FB,207.79,9368273.0
2019-12-27,FB,208.1,10287634.0
2019-12-30,FB,204.41,10534441.0
2019-12-31,FB,205.25,8962756.0
2020-01-02,FB,209.78,12090707.0
2020-01-03,FB,208.67,11197416.0
2020-01-06,FB,212.6,17073861.0
2020-01-07,FB,213.06,15111857.0
2020-01-08,FB,215.22,13492703.0
2020-01-09,FB,218.3,12679579.0
2020-01-10,FB,218.06,12127432.0
2020-01-13,FB,221.91,14295658.0
2020-01-14,FB,219.06,13315361.0
2020-01-15,FB,221.15,10036475.0
2020-01-16,FB,221.77,10015288.0
2020-01-17,FB,222.14,15905944.0
2020-01-21,FB,221.44,14162007.0
2020-01-22,FB,221.32,12212814.0
2020-01-23,FB,219.76,11195000.0
2020-01-24,FB,217.94,11905824.0
2020-01-27,FB,214.87,13810655.0
2020-01-28,FB,217.79,13413835.0
2020-01-29,FB,223.23,33610005.0
2020-01-30,FB,209.53,48775500.0
2020-01-31,FB,201.91,31359917.0
2020-02-03,FB,204.19,15510509.0
2020-02-04,FB,209.83,19628890.0
2020-02-05,FB,210.11,12538154.0
2020-02-06,FB,210.85,10567533.0
2020-02-07,FB,212.33,12242530.0
2020-02-10,FB,213.06,11856350.0
2020-02-11,FB,207.19,25030810.0
2020-02-12,FB,210.76,13813704.0
2020-02-13,FB,213.14,15396625.0
2020-02-14,FB,214.18,10741747.0
2020-02-18,FB,217.8,15630026.0
2020-02-19,FB,217.49,12135114.0
2020-02-20,FB,214.58,13109213.0
2020-02-21,FB,210.18,14098432.0
2020-02-24,FB,200.72,23080057.0
2020-02-25,FB,196.77,21433487.0
2020-02-26,FB,197.2,16555210.0
2020-02-27,FB,189.75,21682626.0
2020-02-28,FB,192.47,32583494.0
2020-03-02,FB,196.44,24948955.0
2020-03-03,FB,185.89,27984104.0
2020-03-04,FB,191.76,23062473.0
2020-03-05,FB,185.17,19333425.0
2020-03-06,FB,181.09,24559550.0
2020-03-09,FB,169.5,29949041.0
2020-03-10,FB,178.19,24517791.0
2020-03-11,FB,170.24,20397204.0
2020-03-12,FB,154.47,43266335.0
2020-03-13,FB,170.28,35028627.0
2020-03-16,FB,146.01,39120419.0
2020-03-17,FB,149.42,34255596.0
2020-03-18,FB,146.96,37553136.0
2020-03-19,FB,153.13,39862312.0
2020-03-20,FB,149.73,32568398.0
2020-03-23,FB,148.1,29830765.0
2020-03-24,FB,160.98,30440369.0
2020-03-25,FB,156.21,35184271.0
2020-03-26,FB,163.34,26579021.0
2020-03-27,FB,156.79,24879869.0
2020-03-30,FB,165.95,22515225.0
2020-03-31,FB,166.8,23676283.0
2020-04-01,FB,159.6,19507559.0
2020-04-02,FB,158.19,20886309.0
2020-04-03,FB,154.18,25983317.0
2020-04-06,FB,165.55,28453581.0
2020-04-07,FB,168.83,31411919.0
2020-04-08,FB,174.28,21664198.0
2020-04-09,FB,175.19,23534287.0
2020-04-13,FB,174.79,19355355.0
2020-04-14,FB,178.17,21011815.0
2020-04-15,FB,176.97,17423003.0
2020-04-16,FB,176.25,23593229.0
2020-04-17,FB,179.24,20974750.0
2020-04-20,FB,178.24,16110664.0
2020-04-21,FB,170.8,24850528.0
2020-04-22,FB,182.28,33369931.0
2020-04-23,FB,185.13,21426604.0
2020-04-24,FB,190.07,28868528.0
2020-04-27,FB,187.5,29197750.0
2020-04-28,FB,182.91,21730986.0
2020-04-29,FB,194.19,45954521.0
2020-04-30,FB,204.71,46230116.0
2020-05-01,FB,202.27,30415581.0
2020-05-04,FB,205.26,19250673.0
2020-05-05,FB,207.07,21071223.0
2020-05-06,FB,208.47,21856963.0
2020-05-07,FB,211.26,15151976.0
2020-05-08,FB,212.35,12524048.0
2020-05-11,FB,213.18,12911948.0
2020-05-12,FB,210.1,14704647.0
2020-05-13,FB,205.1,20684559.0
2020-05-14,FB,206.81,17178947.0
2020-05-15,FB,210.88,19383154.0
2020-05-18,FB,213.19,20167443.0
2020-05-19,FB,216.88,31843152.0
2020-05-20,FB,229.97,50162875.0
2020-05-21,FB,231.39,47577915.0
2020-05-22,FB,234.91,33925564.0
2020-05-26,FB,232.2,33178318.0
2020-05-27,FB,229.14,34697553.0
2020-05-28,FB,225.46,29423013.0
2020-05-29,FB,225.09,23322476.0
2020-06-01,FB,231.91,18223839.0
2020-06-02,FB,232.72,20919018.0
2020-06-03,FB,230.16,15380282.0
2020-06-04,FB,226.29,17041481.0
2020-06-05,FB,230.77,16750438.0
2020-06-08,FB,231.4,15466499.0
2020-06-09,FB,238.67,27462872.0
2020-06-10,FB,236.73,20720709.0
2020-06-11,FB,224.43,26708163.0
2020-06-12,FB,228.58,22091387.0
2020-06-15,FB,232.5,15340264.0
2020-06-16,FB,235.65,15236691.0
2020-06-17,FB,235.53,19578125.0
2020-06-18,FB,235.94,15782452.0
2020-06-19,FB,238.79,30081291.0
2020-06-22,FB,239.22,18917782.0
2020-06-23,FB,242.24,24017915.0
2020-06-24,FB,234.02,20834904.0
2020-06-25,FB,235.68,18704339.0
2020-06-26,FB,216.08,76343939.0
2020-06-29,FB,220.64,58514281.0
2020-06-30,FB,227.07,33927068.0
2020-07-01,FB,237.55,43403869.0
2020-07-02,FB,233.42,30635970.0
2020-07-06,FB,240.28,26208488.0
2020-07-07,FB,240.86,27887936.0
2020-07-08,FB,243.58,29793184.0
2020-07-09,FB,244.5,22175054.0
2020-07-10,FB,245.07,22982716.0
2020-07-13,FB,239.0,24674883.0
2020-07-14,FB,239.73,23378056.0
2020-07-15,FB,240.28,19134627.0
2020-07-16,FB,240.93,18880800.0
2020-07-17,FB,242.03,18152413.0
2020-07-20,FB,245.42,20797388.0
2020-07-21,FB,241.75,18646840.0
2020-07-22,FB,239.87,15427885.0
2020-07-23,FB,232.6,21771802.0
2020-07-24,FB,230.71,18325813.0
2020-07-27,FB,233.5,13163083.0
2020-07-28,FB,230.12,14170112.0
2020-07-29,FB,233.29,13588317.0
2020-07-30,FB,234.5,20615306.0
2020-07-31,FB,253.67,53030037.0
2020-08-03,FB,251.96,23134103.0
2020-08-04,FB,249.83,17183533.0
2020-08-05,FB,249.12,13088361.0
2020-08-06,FB,265.28,45241611.0
2020-08-07,FB,268.44,72766364.0
2020-08-10,FB,263.0,30248826.0
2020-08-11,FB,256.13,28238283.0
2020-08-12,FB,259.89,21428329.0
2020-08-13,FB,261.3,17373970.0
2020-08-14,FB,261.24,14792708.0
2020-08-17,FB,261.16,13303174.0
2020-08-18,FB,262.34,18690383.0
2020-08-19,FB,262.59,23291463.0
2020-08-20,FB,269.01,20299688.0
2020-08-21,FB,267.01,15538615.0
2020-08-24,FB,271.39,23685603.0
2020-08-25,FB,280.82,42127240.0
2020-08-26,FB,303.91,69015151.0
2020-08-27,FB,293.22,30301309.0
2020-08-28,FB,293.66,17172415.0
2020-08-31,FB,293.2,17345134.0
2020-09-01,FB,295.44,17320872.0
2020-09-02,FB,302.5,24341369.0
2020-09-03,FB,291.12,32294092.0
2020-09-04,FB,282.73,30333671.0
2020-09-08,FB,271.16,24863997.0
2020-09-09,FB,273.72,22918769.0
2020-09-10,FB,268.09,24814669.0
2020-09-11,FB,266.61,18913883.0
2020-09-14,FB,266.15,24093830.0
2020-09-15,FB,272.42,18478530.0
2020-09-16,FB,263.52,29207594.0
2020-09-17,FB,254.82,31281441.0
2020-09-18,FB,252.53,28130767.0
2020-09-21,FB,248.15,24709378.0
2020-09-22,FB,254.75,30293103.0
2020-09-23,FB,249.02,19641266.0
2020-09-24,FB,249.53,20006750.0
2020-09-25,FB,254.82,18351311.0
2020-09-28,FB,256.82,18826254.0
2020-09-29,FB,261.79,20215504.0
2020-09-30,FB,261.9,20142546.0
2020-10-01,FB,266.63,20009801.0
2020-10-02,FB,259.94,16367597.0
2020-10-05,FB,264.65,12822252.0
2020-10-06,FB,258.66,18696917.0
2020-10-07,FB,258.12,23133417.0
2020-10-08,FB,263.76,16312762.0
2020-10-09,FB,264.45,14107803.0
2020-10-12,FB,275.75,31019256.0
2020-10-13,FB,276.14,18063343.0
2020-10-14,FB,271.82,15601154.0
2020-10-15,FB,266.72,15416064.0
2020-10-16,FB,265.93,16622702.0
2020-10-19,FB,261.4,13586955.0
2020-10-20,FB,267.56,18763246.0
2020-10-21,FB,278.73,28998638.0
2020-10-22,FB,278.12,16720026.0
2020-10-23,FB,284.79,17535155.0
2020-10-26,FB,277.11,21322925.0
2020-10-27,FB,283.29,16287249.0
2020-10-28,FB,267.67,23121808.0
2020-10-29,FB,280.83,32368118.0
2020-10-30,FB,263.11,47299002.0
2020-11-02,FB,261.36,27165679.0
2020-11-03,FB,265.3,17961859.0
2020-11-04,FB,287.38,35364424.0
2020-11-05,FB,294.68,23823633.0
2020-11-06,FB,293.41,13890974.0
2020-11-09,FB,278.77,25117650.0
2020-11-10,FB,272.43,29067691.0
2020-11-11,FB,276.48,14956950.0
2020-11-12,FB,275.08,12914206.0
2020-11-13,FB,276.95,10400101.0
2020-11-16,FB,278.96,12970352.0
2020-11-17,FB,275.0,15040297.0
2020-11-18,FB,271.97,12152945.0
2020-11-19,FB,272.94,12963658.0
2020-11-20,FB,269.7,18122412.0
2020-11-23,FB,268.43,20990786.0
2020-11-24,FB,276.92,16852501.0
2020-11-25,FB,275.59,12467009.0
2020-11-27,FB,277.81,7808426.0
2020-11-30,FB,276.97,16693336.0
2020-12-01,FB,286.55,20602115.0
2020-12-02,FB,287.52,17361624.0
2020-12-03,FB,281.85,12921694.0
2020-12-04,FB,279.7,10880299.0
2020-12-07,FB,285.58,13007665.0
2020-12-08,FB,283.4,10747650.0
2020-12-09,FB,277.92,25189707.0
2020-12-10,FB,277.12,20065091.0
2020-12-11,FB,273.55,14391401.0
2020-12-14,FB,274.19,16376880.0
2020-12-15,FB,275.55,23979461.0
2020-12-16,FB,275.67,15884999.0
2020-12-17,FB,274.48,16377844.0
2020-12-18,FB,276.4,26693249.0
2020-12-21,FB,272.79,16553740.0
2020-12-22,FB,267.09,17334999.0
2020-12-23,FB,268.11,14329038.0
2020-12-24,FB,267.4,6702033.0
2020-12-28,FB,277.0,23123385.0
2020-12-29,FB,276.78,16382995.0
2020-12-30,FB,271.87,11803795.0
2020-12-31,FB,273.16,12900408.0
2021-01-04,FB,268.94,15106113.0
2021-01-05,FB,270.97,9871557.0
2021-01-06,FB,263.31,24354149.0
2021-01-07,FB,268.74,15789756.0
